frame,status,reason
video_detector/data/ffpp/frames/test/c23/fake/720_672/frame_000260.jpg,ok,
video_detector/data/ffpp/frames/test/c23/fake/720_672/frame_000300.jpg,ok,
video_detector/data/ffpp/frames/test/c23/fake/720_672/frame_000100.jpg,ok,
video_detector/data/ffpp/frames/test/c23/fake/720_672/frame_000060.jpg,ok,
video_detector/data/ffpp/frames/test/c23/fake/720_672/frame_000070.jpg,ok,
video_detector/data/ffpp/frames/test/c23/fake/720_672/frame_000110.jpg,ok,
video_detector/data/ffpp/frames/test/c23/fake/720_672/frame_000310.jpg,ok,
video_detector/data/ffpp/frames/test/c23/fake/720_672/frame_000270.jpg,ok,
video_detector/data/ffpp/frames/test/c23/fake/720_672/frame_000160.jpg,ok,
video_detector/data/ffpp/frames/test/c23/fake/720_672/frame_000000.jpg,fail,no_face
video_detector/data/ffpp/frames/test/c23/fake/720_672/frame_000200.jpg,ok,
video_detector/data/ffpp/frames/test/c23/fake/720_672/frame_000210.jpg,ok,
video_detector/data/ffpp/frames/test/c23/fake/720_672/frame_000010.jpg,fail,no_face
video_detector/data/ffpp/frames/test/c23/fake/720_672/frame_000170.jpg,ok,
video_detector/data/ffpp/frames/test/c23/fake/720_672/frame_000020.jpg,fail,no_face
video_detector/data/ffpp/frames/test/c23/fake/720_672/frame_000140.jpg,ok,
video_detector/data/ffpp/frames/test/c23/fake/720_672/frame_000220.jpg,ok,
video_detector/data/ffpp/frames/test/c23/fake/720_672/frame_000180.jpg,ok,
video_detector/data/ffpp/frames/test/c23/fake/720_672/frame_000190.jpg,ok,
video_detector/data/ffpp/frames/test/c23/fake/720_672/frame_000230.jpg,ok,
video_detector/data/ffpp/frames/test/c23/fake/720_672/frame_000150.jpg,ok,
video_detector/data/ffpp/frames/test/c23/fake/720_672/frame_000030.jpg,ok,
video_detector/data/ffpp/frames/test/c23/fake/720_672/frame_000240.jpg,ok,
video_detector/data/ffpp/frames/test/c23/fake/720_672/frame_000080.jpg,ok,
video_detector/data/ffpp/frames/test/c23/fake/720_672/frame_000280.jpg,ok,
video_detector/data/ffpp/frames/test/c23/fake/720_672/frame_000040.jpg,ok,
video_detector/data/ffpp/frames/test/c23/fake/720_672/frame_000120.jpg,ok,
video_detector/data/ffpp/frames/test/c23/fake/720_672/frame_000130.jpg,ok,
video_detector/data/ffpp/frames/test/c23/fake/720_672/frame_000050.jpg,fail,no_face
video_detector/data/ffpp/frames/test/c23/fake/720_672/frame_000290.jpg,ok,
video_detector/data/ffpp/frames/test/c23/fake/720_672/frame_000090.jpg,ok,
video_detector/data/ffpp/frames/test/c23/fake/720_672/frame_000250.jpg,ok,
video_detector/data/ffpp/frames/test/c23/fake/128_896/frame_000260.jpg,fail,no_face
video_detector/data/ffpp/frames/test/c23/fake/128_896/frame_000300.jpg,fail,no_face
video_detector/data/ffpp/frames/test/c23/fake/128_896/frame_000100.jpg,fail,no_face
video_detector/data/ffpp/frames/test/c23/fake/128_896/frame_000060.jpg,fail,no_face
video_detector/data/ffpp/frames/test/c23/fake/128_896/frame_000070.jpg,fail,no_face
video_detector/data/ffpp/frames/test/c23/fake/128_896/frame_000110.jpg,fail,no_face
video_detector/data/ffpp/frames/test/c23/fake/128_896/frame_000310.jpg,fail,no_face
video_detector/data/ffpp/frames/test/c23/fake/128_896/frame_000270.jpg,fail,no_face
video_detector/data/ffpp/frames/test/c23/fake/128_896/frame_000160.jpg,fail,no_face
video_detector/data/ffpp/frames/test/c23/fake/128_896/frame_000000.jpg,fail,no_face
video_detector/data/ffpp/frames/test/c23/fake/128_896/frame_000200.jpg,fail,no_face
video_detector/data/ffpp/frames/test/c23/fake/128_896/frame_000210.jpg,fail,no_face
video_detector/data/ffpp/frames/test/c23/fake/128_896/frame_000010.jpg,fail,no_face
video_detector/data/ffpp/frames/test/c23/fake/128_896/frame_000170.jpg,fail,no_face
video_detector/data/ffpp/frames/test/c23/fake/128_896/frame_000020.jpg,fail,no_face
video_detector/data/ffpp/frames/test/c23/fake/128_896/frame_000140.jpg,fail,no_face
video_detector/data/ffpp/frames/test/c23/fake/128_896/frame_000220.jpg,fail,no_face
video_detector/data/ffpp/frames/test/c23/fake/128_896/frame_000180.jpg,fail,no_face
video_detector/data/ffpp/frames/test/c23/fake/128_896/frame_000190.jpg,fail,no_face
video_detector/data/ffpp/frames/test/c23/fake/128_896/frame_000230.jpg,fail,no_face
video_detector/data/ffpp/frames/test/c23/fake/128_896/frame_000150.jpg,fail,no_face
video_detector/data/ffpp/frames/test/c23/fake/128_896/frame_000030.jpg,fail,no_face
video_detector/data/ffpp/frames/test/c23/fake/128_896/frame_000240.jpg,fail,no_face
video_detector/data/ffpp/frames/test/c23/fake/128_896/frame_000080.jpg,fail,no_face
video_detector/data/ffpp/frames/test/c23/fake/128_896/frame_000280.jpg,fail,no_face
video_detector/data/ffpp/frames/test/c23/fake/128_896/frame_000040.jpg,fail,no_face
video_detector/data/ffpp/frames/test/c23/fake/128_896/frame_000120.jpg,fail,no_face
video_detector/data/ffpp/frames/test/c23/fake/128_896/frame_000130.jpg,fail,no_face
video_detector/data/ffpp/frames/test/c23/fake/128_896/frame_000050.jpg,fail,no_face
video_detector/data/ffpp/frames/test/c23/fake/128_896/frame_000290.jpg,fail,no_face
video_detector/data/ffpp/frames/test/c23/fake/128_896/frame_000090.jpg,fail,no_face
video_detector/data/ffpp/frames/test/c23/fake/128_896/frame_000250.jpg,fail,no_face
video_detector/data/ffpp/frames/test/c23/fake/924_917/frame_000260.jpg,ok,
video_detector/data/ffpp/frames/test/c23/fake/924_917/frame_000300.jpg,ok,
video_detector/data/ffpp/frames/test/c23/fake/924_917/frame_000100.jpg,ok,
video_detector/data/ffpp/frames/test/c23/fake/924_917/frame_000060.jpg,ok,
video_detector/data/ffpp/frames/test/c23/fake/924_917/frame_000070.jpg,ok,
video_detector/data/ffpp/frames/test/c23/fake/924_917/frame_000110.jpg,ok,
video_detector/data/ffpp/frames/test/c23/fake/924_917/frame_000310.jpg,ok,
video_detector/data/ffpp/frames/test/c23/fake/924_917/frame_000270.jpg,fail,no_face
video_detector/data/ffpp/frames/test/c23/fake/924_917/frame_000160.jpg,ok,
video_detector/data/ffpp/frames/test/c23/fake/924_917/frame_000000.jpg,ok,
video_detector/data/ffpp/frames/test/c23/fake/924_917/frame_000200.jpg,ok,
video_detector/data/ffpp/frames/test/c23/fake/924_917/frame_000210.jpg,ok,
video_detector/data/ffpp/frames/test/c23/fake/924_917/frame_000010.jpg,ok,
video_detector/data/ffpp/frames/test/c23/fake/924_917/frame_000170.jpg,ok,
video_detector/data/ffpp/frames/test/c23/fake/924_917/frame_000020.jpg,ok,
video_detector/data/ffpp/frames/test/c23/fake/924_917/frame_000140.jpg,ok,
video_detector/data/ffpp/frames/test/c23/fake/924_917/frame_000220.jpg,ok,
video_detector/data/ffpp/frames/test/c23/fake/924_917/frame_000180.jpg,ok,
video_detector/data/ffpp/frames/test/c23/fake/924_917/frame_000190.jpg,ok,
video_detector/data/ffpp/frames/test/c23/fake/924_917/frame_000230.jpg,ok,
video_detector/data/ffpp/frames/test/c23/fake/924_917/frame_000150.jpg,ok,
video_detector/data/ffpp/frames/test/c23/fake/924_917/frame_000030.jpg,ok,
video_detector/data/ffpp/frames/test/c23/fake/924_917/frame_000240.jpg,ok,
video_detector/data/ffpp/frames/test/c23/fake/924_917/frame_000080.jpg,ok,
video_detector/data/ffpp/frames/test/c23/fake/924_917/frame_000280.jpg,ok,
video_detector/data/ffpp/frames/test/c23/fake/924_917/frame_000040.jpg,ok,
video_detector/data/ffpp/frames/test/c23/fake/924_917/frame_000120.jpg,ok,
video_detector/data/ffpp/frames/test/c23/fake/924_917/frame_000130.jpg,ok,
video_detector/data/ffpp/frames/test/c23/fake/924_917/frame_000050.jpg,ok,
video_detector/data/ffpp/frames/test/c23/fake/924_917/frame_000290.jpg,ok,
video_detector/data/ffpp/frames/test/c23/fake/924_917/frame_000090.jpg,ok,
video_detector/data/ffpp/frames/test/c23/fake/924_917/frame_000250.jpg,ok,
video_detector/data/ffpp/frames/test/c23/fake/241_210/frame_000100.jpg,ok,
video_detector/data/ffpp/frames/test/c23/fake/241_210/frame_000060.jpg,fail,no_face
video_detector/data/ffpp/frames/test/c23/fake/241_210/frame_000070.jpg,ok,
video_detector/data/ffpp/frames/test/c23/fake/241_210/frame_000110.jpg,ok,
video_detector/data/ffpp/frames/test/c23/fake/241_210/frame_000000.jpg,ok,
video_detector/data/ffpp/frames/test/c23/fake/241_210/frame_000010.jpg,ok,
video_detector/data/ffpp/frames/test/c23/fake/241_210/frame_000020.jpg,ok,
video_detector/data/ffpp/frames/test/c23/fake/241_210/frame_000140.jpg,ok,
video_detector/data/ffpp/frames/test/c23/fake/241_210/frame_000150.jpg,ok,
video_detector/data/ffpp/frames/test/c23/fake/241_210/frame_000030.jpg,ok,
video_detector/data/ffpp/frames/test/c23/fake/241_210/frame_000080.jpg,ok,
video_detector/data/ffpp/frames/test/c23/fake/241_210/frame_000040.jpg,ok,
video_detector/data/ffpp/frames/test/c23/fake/241_210/frame_000120.jpg,ok,
video_detector/data/ffpp/frames/test/c23/fake/241_210/frame_000130.jpg,ok,
video_detector/data/ffpp/frames/test/c23/fake/241_210/frame_000050.jpg,ok,
video_detector/data/ffpp/frames/test/c23/fake/241_210/frame_000090.jpg,ok,
video_detector/data/ffpp/frames/test/c23/fake/420_257/frame_000260.jpg,fail,no_face
video_detector/data/ffpp/frames/test/c23/fake/420_257/frame_000300.jpg,fail,no_face
video_detector/data/ffpp/frames/test/c23/fake/420_257/frame_000100.jpg,fail,no_face
video_detector/data/ffpp/frames/test/c23/fake/420_257/frame_000060.jpg,fail,no_face
video_detector/data/ffpp/frames/test/c23/fake/420_257/frame_000070.jpg,fail,no_face
video_detector/data/ffpp/frames/test/c23/fake/420_257/frame_000110.jpg,fail,no_face
video_detector/data/ffpp/frames/test/c23/fake/420_257/frame_000310.jpg,fail,no_face
video_detector/data/ffpp/frames/test/c23/fake/420_257/frame_000270.jpg,fail,no_face
video_detector/data/ffpp/frames/test/c23/fake/420_257/frame_000160.jpg,fail,no_face
video_detector/data/ffpp/frames/test/c23/fake/420_257/frame_000000.jpg,fail,no_face
video_detector/data/ffpp/frames/test/c23/fake/420_257/frame_000200.jpg,fail,no_face
video_detector/data/ffpp/frames/test/c23/fake/420_257/frame_000210.jpg,fail,no_face
video_detector/data/ffpp/frames/test/c23/fake/420_257/frame_000010.jpg,fail,no_face
video_detector/data/ffpp/frames/test/c23/fake/420_257/frame_000170.jpg,fail,no_face
video_detector/data/ffpp/frames/test/c23/fake/420_257/frame_000020.jpg,fail,no_face
video_detector/data/ffpp/frames/test/c23/fake/420_257/frame_000140.jpg,fail,no_face
video_detector/data/ffpp/frames/test/c23/fake/420_257/frame_000220.jpg,fail,no_face
video_detector/data/ffpp/frames/test/c23/fake/420_257/frame_000180.jpg,fail,no_face
video_detector/data/ffpp/frames/test/c23/fake/420_257/frame_000190.jpg,fail,no_face
video_detector/data/ffpp/frames/test/c23/fake/420_257/frame_000230.jpg,fail,no_face
video_detector/data/ffpp/frames/test/c23/fake/420_257/frame_000150.jpg,fail,no_face
video_detector/data/ffpp/frames/test/c23/fake/420_257/frame_000030.jpg,fail,no_face
video_detector/data/ffpp/frames/test/c23/fake/420_257/frame_000240.jpg,fail,no_face
video_detector/data/ffpp/frames/test/c23/fake/420_257/frame_000080.jpg,fail,no_face
video_detector/data/ffpp/frames/test/c23/fake/420_257/frame_000280.jpg,fail,no_face
video_detector/data/ffpp/frames/test/c23/fake/420_257/frame_000040.jpg,fail,no_face
video_detector/data/ffpp/frames/test/c23/fake/420_257/frame_000120.jpg,fail,no_face
video_detector/data/ffpp/frames/test/c23/fake/420_257/frame_000130.jpg,fail,no_face
video_detector/data/ffpp/frames/test/c23/fake/420_257/frame_000050.jpg,fail,no_face
video_detector/data/ffpp/frames/test/c23/fake/420_257/frame_000290.jpg,fail,no_face
video_detector/data/ffpp/frames/test/c23/fake/420_257/frame_000090.jpg,fail,no_face
video_detector/data/ffpp/frames/test/c23/fake/420_257/frame_000250.jpg,fail,no_face
video_detector/data/ffpp/frames/test/c23/fake/033_097/frame_000100.jpg,fail,no_face
video_detector/data/ffpp/frames/test/c23/fake/033_097/frame_000060.jpg,fail,no_face
video_detector/data/ffpp/frames/test/c23/fake/033_097/frame_000070.jpg,fail,no_face
video_detector/data/ffpp/frames/test/c23/fake/033_097/frame_000110.jpg,fail,no_face
video_detector/data/ffpp/frames/test/c23/fake/033_097/frame_000000.jpg,fail,no_face
video_detector/data/ffpp/frames/test/c23/fake/033_097/frame_000010.jpg,fail,no_face
video_detector/data/ffpp/frames/test/c23/fake/033_097/frame_000020.jpg,fail,no_face
video_detector/data/ffpp/frames/test/c23/fake/033_097/frame_000140.jpg,fail,no_face
video_detector/data/ffpp/frames/test/c23/fake/033_097/frame_000150.jpg,fail,no_face
video_detector/data/ffpp/frames/test/c23/fake/033_097/frame_000030.jpg,fail,no_face
video_detector/data/ffpp/frames/test/c23/fake/033_097/frame_000080.jpg,fail,no_face
video_detector/data/ffpp/frames/test/c23/fake/033_097/frame_000040.jpg,fail,no_face
video_detector/data/ffpp/frames/test/c23/fake/033_097/frame_000120.jpg,fail,no_face
video_detector/data/ffpp/frames/test/c23/fake/033_097/frame_000130.jpg,fail,no_face
video_detector/data/ffpp/frames/test/c23/fake/033_097/frame_000050.jpg,fail,no_face
video_detector/data/ffpp/frames/test/c23/fake/033_097/frame_000090.jpg,fail,no_face
video_detector/data/ffpp/frames/test/c23/fake/607_683/frame_000260.jpg,ok,
video_detector/data/ffpp/frames/test/c23/fake/607_683/frame_000300.jpg,ok,
video_detector/data/ffpp/frames/test/c23/fake/607_683/frame_000100.jpg,ok,
video_detector/data/ffpp/frames/test/c23/fake/607_683/frame_000060.jpg,fail,no_face
video_detector/data/ffpp/frames/test/c23/fake/607_683/frame_000070.jpg,fail,no_face
video_detector/data/ffpp/frames/test/c23/fake/607_683/frame_000110.jpg,fail,no_face
video_detector/data/ffpp/frames/test/c23/fake/607_683/frame_000310.jpg,fail,no_face
video_detector/data/ffpp/frames/test/c23/fake/607_683/frame_000270.jpg,ok,
video_detector/data/ffpp/frames/test/c23/fake/607_683/frame_000160.jpg,fail,no_face
video_detector/data/ffpp/frames/test/c23/fake/607_683/frame_000000.jpg,ok,
video_detector/data/ffpp/frames/test/c23/fake/607_683/frame_000200.jpg,fail,no_face
video_detector/data/ffpp/frames/test/c23/fake/607_683/frame_000210.jpg,fail,no_face
video_detector/data/ffpp/frames/test/c23/fake/607_683/frame_000010.jpg,ok,
video_detector/data/ffpp/frames/test/c23/fake/607_683/frame_000170.jpg,ok,
video_detector/data/ffpp/frames/test/c23/fake/607_683/frame_000020.jpg,ok,
video_detector/data/ffpp/frames/test/c23/fake/607_683/frame_000140.jpg,fail,no_face
video_detector/data/ffpp/frames/test/c23/fake/607_683/frame_000220.jpg,fail,no_face
video_detector/data/ffpp/frames/test/c23/fake/607_683/frame_000180.jpg,fail,no_face
video_detector/data/ffpp/frames/test/c23/fake/607_683/frame_000190.jpg,fail,no_face
video_detector/data/ffpp/frames/test/c23/fake/607_683/frame_000230.jpg,ok,
video_detector/data/ffpp/frames/test/c23/fake/607_683/frame_000150.jpg,fail,no_face
video_detector/data/ffpp/frames/test/c23/fake/607_683/frame_000030.jpg,fail,no_face
video_detector/data/ffpp/frames/test/c23/fake/607_683/frame_000240.jpg,fail,no_face
video_detector/data/ffpp/frames/test/c23/fake/607_683/frame_000080.jpg,fail,no_face
video_detector/data/ffpp/frames/test/c23/fake/607_683/frame_000280.jpg,fail,no_face
video_detector/data/ffpp/frames/test/c23/fake/607_683/frame_000040.jpg,fail,no_face
video_detector/data/ffpp/frames/test/c23/fake/607_683/frame_000120.jpg,fail,no_face
video_detector/data/ffpp/frames/test/c23/fake/607_683/frame_000130.jpg,fail,no_face
video_detector/data/ffpp/frames/test/c23/fake/607_683/frame_000050.jpg,fail,no_face
video_detector/data/ffpp/frames/test/c23/fake/607_683/frame_000290.jpg,fail,no_face
video_detector/data/ffpp/frames/test/c23/fake/607_683/frame_000090.jpg,ok,
video_detector/data/ffpp/frames/test/c23/fake/607_683/frame_000250.jpg,fail,no_face
video_detector/data/ffpp/frames/test/c23/fake/712_716/frame_000100.jpg,fail,no_face
video_detector/data/ffpp/frames/test/c23/fake/712_716/frame_000060.jpg,fail,no_face
video_detector/data/ffpp/frames/test/c23/fake/712_716/frame_000070.jpg,fail,no_face
video_detector/data/ffpp/frames/test/c23/fake/712_716/frame_000110.jpg,fail,no_face
video_detector/data/ffpp/frames/test/c23/fake/712_716/frame_000000.jpg,fail,no_face
video_detector/data/ffpp/frames/test/c23/fake/712_716/frame_000010.jpg,fail,no_face
video_detector/data/ffpp/frames/test/c23/fake/712_716/frame_000020.jpg,fail,no_face
video_detector/data/ffpp/frames/test/c23/fake/712_716/frame_000140.jpg,fail,no_face
video_detector/data/ffpp/frames/test/c23/fake/712_716/frame_000150.jpg,fail,no_face
video_detector/data/ffpp/frames/test/c23/fake/712_716/frame_000030.jpg,fail,no_face
video_detector/data/ffpp/frames/test/c23/fake/712_716/frame_000080.jpg,fail,no_face
video_detector/data/ffpp/frames/test/c23/fake/712_716/frame_000040.jpg,fail,no_face
video_detector/data/ffpp/frames/test/c23/fake/712_716/frame_000120.jpg,fail,no_face
video_detector/data/ffpp/frames/test/c23/fake/712_716/frame_000130.jpg,fail,no_face
video_detector/data/ffpp/frames/test/c23/fake/712_716/frame_000050.jpg,fail,no_face
video_detector/data/ffpp/frames/test/c23/fake/712_716/frame_000090.jpg,fail,no_face
video_detector/data/ffpp/frames/test/c23/fake/677_671/frame_000260.jpg,ok,
video_detector/data/ffpp/frames/test/c23/fake/677_671/frame_000300.jpg,ok,
video_detector/data/ffpp/frames/test/c23/fake/677_671/frame_000100.jpg,ok,
video_detector/data/ffpp/frames/test/c23/fake/677_671/frame_000060.jpg,ok,
video_detector/data/ffpp/frames/test/c23/fake/677_671/frame_000070.jpg,ok,
video_detector/data/ffpp/frames/test/c23/fake/677_671/frame_000110.jpg,ok,
video_detector/data/ffpp/frames/test/c23/fake/677_671/frame_000310.jpg,ok,
video_detector/data/ffpp/frames/test/c23/fake/677_671/frame_000270.jpg,ok,
video_detector/data/ffpp/frames/test/c23/fake/677_671/frame_000160.jpg,ok,
video_detector/data/ffpp/frames/test/c23/fake/677_671/frame_000000.jpg,ok,
video_detector/data/ffpp/frames/test/c23/fake/677_671/frame_000200.jpg,ok,
video_detector/data/ffpp/frames/test/c23/fake/677_671/frame_000210.jpg,ok,
video_detector/data/ffpp/frames/test/c23/fake/677_671/frame_000010.jpg,ok,
video_detector/data/ffpp/frames/test/c23/fake/677_671/frame_000170.jpg,ok,
video_detector/data/ffpp/frames/test/c23/fake/677_671/frame_000020.jpg,ok,
video_detector/data/ffpp/frames/test/c23/fake/677_671/frame_000140.jpg,ok,
video_detector/data/ffpp/frames/test/c23/fake/677_671/frame_000220.jpg,ok,
video_detector/data/ffpp/frames/test/c23/fake/677_671/frame_000180.jpg,ok,
video_detector/data/ffpp/frames/test/c23/fake/677_671/frame_000190.jpg,ok,
video_detector/data/ffpp/frames/test/c23/fake/677_671/frame_000230.jpg,ok,
video_detector/data/ffpp/frames/test/c23/fake/677_671/frame_000150.jpg,ok,
video_detector/data/ffpp/frames/test/c23/fake/677_671/frame_000030.jpg,ok,
video_detector/data/ffpp/frames/test/c23/fake/677_671/frame_000240.jpg,ok,
video_detector/data/ffpp/frames/test/c23/fake/677_671/frame_000080.jpg,ok,
video_detector/data/ffpp/frames/test/c23/fake/677_671/frame_000280.jpg,ok,
video_detector/data/ffpp/frames/test/c23/fake/677_671/frame_000040.jpg,ok,
video_detector/data/ffpp/frames/test/c23/fake/677_671/frame_000120.jpg,ok,
video_detector/data/ffpp/frames/test/c23/fake/677_671/frame_000130.jpg,ok,
video_detector/data/ffpp/frames/test/c23/fake/677_671/frame_000050.jpg,ok,
video_detector/data/ffpp/frames/test/c23/fake/677_671/frame_000290.jpg,ok,
video_detector/data/ffpp/frames/test/c23/fake/677_671/frame_000090.jpg,ok,
video_detector/data/ffpp/frames/test/c23/fake/677_671/frame_000250.jpg,ok,
video_detector/data/ffpp/frames/test/c23/fake/974_953/frame_000260.jpg,ok,
video_detector/data/ffpp/frames/test/c23/fake/974_953/frame_000300.jpg,ok,
video_detector/data/ffpp/frames/test/c23/fake/974_953/frame_000100.jpg,ok,
video_detector/data/ffpp/frames/test/c23/fake/974_953/frame_000060.jpg,ok,
video_detector/data/ffpp/frames/test/c23/fake/974_953/frame_000070.jpg,ok,
video_detector/data/ffpp/frames/test/c23/fake/974_953/frame_000110.jpg,ok,
video_detector/data/ffpp/frames/test/c23/fake/974_953/frame_000310.jpg,ok,
video_detector/data/ffpp/frames/test/c23/fake/974_953/frame_000270.jpg,ok,
video_detector/data/ffpp/frames/test/c23/fake/974_953/frame_000160.jpg,ok,
video_detector/data/ffpp/frames/test/c23/fake/974_953/frame_000000.jpg,ok,
video_detector/data/ffpp/frames/test/c23/fake/974_953/frame_000200.jpg,ok,
video_detector/data/ffpp/frames/test/c23/fake/974_953/frame_000210.jpg,ok,
video_detector/data/ffpp/frames/test/c23/fake/974_953/frame_000010.jpg,ok,
video_detector/data/ffpp/frames/test/c23/fake/974_953/frame_000170.jpg,ok,
video_detector/data/ffpp/frames/test/c23/fake/974_953/frame_000020.jpg,ok,
video_detector/data/ffpp/frames/test/c23/fake/974_953/frame_000140.jpg,ok,
video_detector/data/ffpp/frames/test/c23/fake/974_953/frame_000220.jpg,ok,
video_detector/data/ffpp/frames/test/c23/fake/974_953/frame_000180.jpg,ok,
video_detector/data/ffpp/frames/test/c23/fake/974_953/frame_000190.jpg,ok,
video_detector/data/ffpp/frames/test/c23/fake/974_953/frame_000230.jpg,ok,
video_detector/data/ffpp/frames/test/c23/fake/974_953/frame_000150.jpg,ok,
video_detector/data/ffpp/frames/test/c23/fake/974_953/frame_000030.jpg,ok,
video_detector/data/ffpp/frames/test/c23/fake/974_953/frame_000240.jpg,ok,
video_detector/data/ffpp/frames/test/c23/fake/974_953/frame_000080.jpg,ok,
video_detector/data/ffpp/frames/test/c23/fake/974_953/frame_000280.jpg,ok,
video_detector/data/ffpp/frames/test/c23/fake/974_953/frame_000040.jpg,ok,
video_detector/data/ffpp/frames/test/c23/fake/974_953/frame_000120.jpg,ok,
video_detector/data/ffpp/frames/test/c23/fake/974_953/frame_000130.jpg,ok,
video_detector/data/ffpp/frames/test/c23/fake/974_953/frame_000050.jpg,ok,
video_detector/data/ffpp/frames/test/c23/fake/974_953/frame_000290.jpg,ok,
video_detector/data/ffpp/frames/test/c23/fake/974_953/frame_000090.jpg,ok,
video_detector/data/ffpp/frames/test/c23/fake/974_953/frame_000250.jpg,ok,
video_detector/data/ffpp/frames/test/c23/fake/339_392/frame_000260.jpg,ok,
video_detector/data/ffpp/frames/test/c23/fake/339_392/frame_000300.jpg,ok,
video_detector/data/ffpp/frames/test/c23/fake/339_392/frame_000100.jpg,ok,
video_detector/data/ffpp/frames/test/c23/fake/339_392/frame_000060.jpg,ok,
video_detector/data/ffpp/frames/test/c23/fake/339_392/frame_000070.jpg,ok,
video_detector/data/ffpp/frames/test/c23/fake/339_392/frame_000110.jpg,ok,
video_detector/data/ffpp/frames/test/c23/fake/339_392/frame_000310.jpg,ok,
video_detector/data/ffpp/frames/test/c23/fake/339_392/frame_000270.jpg,ok,
video_detector/data/ffpp/frames/test/c23/fake/339_392/frame_000160.jpg,ok,
video_detector/data/ffpp/frames/test/c23/fake/339_392/frame_000000.jpg,ok,
video_detector/data/ffpp/frames/test/c23/fake/339_392/frame_000200.jpg,ok,
video_detector/data/ffpp/frames/test/c23/fake/339_392/frame_000210.jpg,ok,
video_detector/data/ffpp/frames/test/c23/fake/339_392/frame_000010.jpg,ok,
video_detector/data/ffpp/frames/test/c23/fake/339_392/frame_000170.jpg,ok,
video_detector/data/ffpp/frames/test/c23/fake/339_392/frame_000020.jpg,ok,
video_detector/data/ffpp/frames/test/c23/fake/339_392/frame_000140.jpg,ok,
video_detector/data/ffpp/frames/test/c23/fake/339_392/frame_000220.jpg,ok,
video_detector/data/ffpp/frames/test/c23/fake/339_392/frame_000180.jpg,ok,
video_detector/data/ffpp/frames/test/c23/fake/339_392/frame_000190.jpg,ok,
video_detector/data/ffpp/frames/test/c23/fake/339_392/frame_000230.jpg,ok,
video_detector/data/ffpp/frames/test/c23/fake/339_392/frame_000150.jpg,ok,
video_detector/data/ffpp/frames/test/c23/fake/339_392/frame_000030.jpg,ok,
video_detector/data/ffpp/frames/test/c23/fake/339_392/frame_000240.jpg,ok,
video_detector/data/ffpp/frames/test/c23/fake/339_392/frame_000080.jpg,ok,
video_detector/data/ffpp/frames/test/c23/fake/339_392/frame_000280.jpg,ok,
video_detector/data/ffpp/frames/test/c23/fake/339_392/frame_000040.jpg,ok,
video_detector/data/ffpp/frames/test/c23/fake/339_392/frame_000120.jpg,ok,
video_detector/data/ffpp/frames/test/c23/fake/339_392/frame_000130.jpg,ok,
video_detector/data/ffpp/frames/test/c23/fake/339_392/frame_000050.jpg,ok,
video_detector/data/ffpp/frames/test/c23/fake/339_392/frame_000290.jpg,ok,
video_detector/data/ffpp/frames/test/c23/fake/339_392/frame_000090.jpg,ok,
video_detector/data/ffpp/frames/test/c23/fake/339_392/frame_000250.jpg,ok,
video_detector/data/ffpp/frames/test/c23/fake/671_677/frame_000260.jpg,ok,
video_detector/data/ffpp/frames/test/c23/fake/671_677/frame_000300.jpg,ok,
video_detector/data/ffpp/frames/test/c23/fake/671_677/frame_000100.jpg,ok,
video_detector/data/ffpp/frames/test/c23/fake/671_677/frame_000060.jpg,ok,
video_detector/data/ffpp/frames/test/c23/fake/671_677/frame_000070.jpg,ok,
video_detector/data/ffpp/frames/test/c23/fake/671_677/frame_000110.jpg,ok,
video_detector/data/ffpp/frames/test/c23/fake/671_677/frame_000310.jpg,ok,
video_detector/data/ffpp/frames/test/c23/fake/671_677/frame_000270.jpg,ok,
video_detector/data/ffpp/frames/test/c23/fake/671_677/frame_000160.jpg,fail,no_face
video_detector/data/ffpp/frames/test/c23/fake/671_677/frame_000000.jpg,ok,
video_detector/data/ffpp/frames/test/c23/fake/671_677/frame_000200.jpg,ok,
video_detector/data/ffpp/frames/test/c23/fake/671_677/frame_000210.jpg,ok,
video_detector/data/ffpp/frames/test/c23/fake/671_677/frame_000010.jpg,ok,
video_detector/data/ffpp/frames/test/c23/fake/671_677/frame_000170.jpg,ok,
video_detector/data/ffpp/frames/test/c23/fake/671_677/frame_000020.jpg,ok,
video_detector/data/ffpp/frames/test/c23/fake/671_677/frame_000140.jpg,ok,
video_detector/data/ffpp/frames/test/c23/fake/671_677/frame_000220.jpg,ok,
video_detector/data/ffpp/frames/test/c23/fake/671_677/frame_000180.jpg,ok,
video_detector/data/ffpp/frames/test/c23/fake/671_677/frame_000190.jpg,ok,
video_detector/data/ffpp/frames/test/c23/fake/671_677/frame_000230.jpg,ok,
video_detector/data/ffpp/frames/test/c23/fake/671_677/frame_000150.jpg,fail,no_face
video_detector/data/ffpp/frames/test/c23/fake/671_677/frame_000030.jpg,ok,
video_detector/data/ffpp/frames/test/c23/fake/671_677/frame_000240.jpg,ok,
video_detector/data/ffpp/frames/test/c23/fake/671_677/frame_000080.jpg,ok,
video_detector/data/ffpp/frames/test/c23/fake/671_677/frame_000280.jpg,ok,
video_detector/data/ffpp/frames/test/c23/fake/671_677/frame_000040.jpg,ok,
video_detector/data/ffpp/frames/test/c23/fake/671_677/frame_000120.jpg,ok,
video_detector/data/ffpp/frames/test/c23/fake/671_677/frame_000130.jpg,ok,
video_detector/data/ffpp/frames/test/c23/fake/671_677/frame_000050.jpg,ok,
video_detector/data/ffpp/frames/test/c23/fake/671_677/frame_000290.jpg,ok,
video_detector/data/ffpp/frames/test/c23/fake/671_677/frame_000090.jpg,ok,
video_detector/data/ffpp/frames/test/c23/fake/671_677/frame_000250.jpg,ok,
video_detector/data/ffpp/frames/test/c23/fake/942_943/frame_000260.jpg,ok,
video_detector/data/ffpp/frames/test/c23/fake/942_943/frame_000300.jpg,ok,
video_detector/data/ffpp/frames/test/c23/fake/942_943/frame_000100.jpg,ok,
video_detector/data/ffpp/frames/test/c23/fake/942_943/frame_000060.jpg,ok,
video_detector/data/ffpp/frames/test/c23/fake/942_943/frame_000070.jpg,ok,
video_detector/data/ffpp/frames/test/c23/fake/942_943/frame_000110.jpg,ok,
video_detector/data/ffpp/frames/test/c23/fake/942_943/frame_000310.jpg,ok,
video_detector/data/ffpp/frames/test/c23/fake/942_943/frame_000270.jpg,ok,
video_detector/data/ffpp/frames/test/c23/fake/942_943/frame_000160.jpg,ok,
video_detector/data/ffpp/frames/test/c23/fake/942_943/frame_000000.jpg,ok,
video_detector/data/ffpp/frames/test/c23/fake/942_943/frame_000200.jpg,ok,
video_detector/data/ffpp/frames/test/c23/fake/942_943/frame_000210.jpg,ok,
video_detector/data/ffpp/frames/test/c23/fake/942_943/frame_000010.jpg,ok,
video_detector/data/ffpp/frames/test/c23/fake/942_943/frame_000170.jpg,ok,
video_detector/data/ffpp/frames/test/c23/fake/942_943/frame_000020.jpg,ok,
video_detector/data/ffpp/frames/test/c23/fake/942_943/frame_000140.jpg,ok,
video_detector/data/ffpp/frames/test/c23/fake/942_943/frame_000220.jpg,ok,
video_detector/data/ffpp/frames/test/c23/fake/942_943/frame_000180.jpg,ok,
video_detector/data/ffpp/frames/test/c23/fake/942_943/frame_000190.jpg,ok,
video_detector/data/ffpp/frames/test/c23/fake/942_943/frame_000230.jpg,ok,
video_detector/data/ffpp/frames/test/c23/fake/942_943/frame_000150.jpg,ok,
video_detector/data/ffpp/frames/test/c23/fake/942_943/frame_000030.jpg,ok,
video_detector/data/ffpp/frames/test/c23/fake/942_943/frame_000240.jpg,ok,
video_detector/data/ffpp/frames/test/c23/fake/942_943/frame_000080.jpg,ok,
video_detector/data/ffpp/frames/test/c23/fake/942_943/frame_000280.jpg,ok,
video_detector/data/ffpp/frames/test/c23/fake/942_943/frame_000040.jpg,ok,
video_detector/data/ffpp/frames/test/c23/fake/942_943/frame_000120.jpg,ok,
video_detector/data/ffpp/frames/test/c23/fake/942_943/frame_000130.jpg,ok,
video_detector/data/ffpp/frames/test/c23/fake/942_943/frame_000050.jpg,ok,
video_detector/data/ffpp/frames/test/c23/fake/942_943/frame_000290.jpg,ok,
video_detector/data/ffpp/frames/test/c23/fake/942_943/frame_000090.jpg,ok,
video_detector/data/ffpp/frames/test/c23/fake/942_943/frame_000250.jpg,ok,
video_detector/data/ffpp/frames/test/c23/fake/396_272/frame_000260.jpg,fail,no_face
video_detector/data/ffpp/frames/test/c23/fake/396_272/frame_000300.jpg,fail,no_face
video_detector/data/ffpp/frames/test/c23/fake/396_272/frame_000100.jpg,fail,no_face
video_detector/data/ffpp/frames/test/c23/fake/396_272/frame_000060.jpg,fail,no_face
video_detector/data/ffpp/frames/test/c23/fake/396_272/frame_000070.jpg,fail,no_face
video_detector/data/ffpp/frames/test/c23/fake/396_272/frame_000110.jpg,fail,no_face
video_detector/data/ffpp/frames/test/c23/fake/396_272/frame_000310.jpg,fail,no_face
video_detector/data/ffpp/frames/test/c23/fake/396_272/frame_000270.jpg,fail,no_face
video_detector/data/ffpp/frames/test/c23/fake/396_272/frame_000160.jpg,fail,no_face
video_detector/data/ffpp/frames/test/c23/fake/396_272/frame_000000.jpg,fail,no_face
video_detector/data/ffpp/frames/test/c23/fake/396_272/frame_000200.jpg,fail,no_face
video_detector/data/ffpp/frames/test/c23/fake/396_272/frame_000210.jpg,fail,no_face
video_detector/data/ffpp/frames/test/c23/fake/396_272/frame_000010.jpg,fail,no_face
video_detector/data/ffpp/frames/test/c23/fake/396_272/frame_000170.jpg,fail,no_face
video_detector/data/ffpp/frames/test/c23/fake/396_272/frame_000020.jpg,fail,no_face
video_detector/data/ffpp/frames/test/c23/fake/396_272/frame_000140.jpg,fail,no_face
video_detector/data/ffpp/frames/test/c23/fake/396_272/frame_000220.jpg,fail,no_face
video_detector/data/ffpp/frames/test/c23/fake/396_272/frame_000180.jpg,fail,no_face
video_detector/data/ffpp/frames/test/c23/fake/396_272/frame_000190.jpg,fail,no_face
video_detector/data/ffpp/frames/test/c23/fake/396_272/frame_000230.jpg,fail,no_face
video_detector/data/ffpp/frames/test/c23/fake/396_272/frame_000150.jpg,fail,no_face
video_detector/data/ffpp/frames/test/c23/fake/396_272/frame_000030.jpg,fail,no_face
video_detector/data/ffpp/frames/test/c23/fake/396_272/frame_000240.jpg,fail,no_face
video_detector/data/ffpp/frames/test/c23/fake/396_272/frame_000080.jpg,fail,no_face
video_detector/data/ffpp/frames/test/c23/fake/396_272/frame_000280.jpg,fail,no_face
video_detector/data/ffpp/frames/test/c23/fake/396_272/frame_000040.jpg,fail,no_face
video_detector/data/ffpp/frames/test/c23/fake/396_272/frame_000120.jpg,fail,no_face
video_detector/data/ffpp/frames/test/c23/fake/396_272/frame_000130.jpg,fail,no_face
video_detector/data/ffpp/frames/test/c23/fake/396_272/frame_000050.jpg,fail,no_face
video_detector/data/ffpp/frames/test/c23/fake/396_272/frame_000290.jpg,fail,no_face
video_detector/data/ffpp/frames/test/c23/fake/396_272/frame_000090.jpg,fail,no_face
video_detector/data/ffpp/frames/test/c23/fake/396_272/frame_000250.jpg,fail,no_face
video_detector/data/ffpp/frames/test/c23/fake/252_266/frame_000260.jpg,fail,no_face
video_detector/data/ffpp/frames/test/c23/fake/252_266/frame_000300.jpg,fail,no_face
video_detector/data/ffpp/frames/test/c23/fake/252_266/frame_000100.jpg,fail,no_face
video_detector/data/ffpp/frames/test/c23/fake/252_266/frame_000060.jpg,fail,no_face
video_detector/data/ffpp/frames/test/c23/fake/252_266/frame_000070.jpg,fail,no_face
video_detector/data/ffpp/frames/test/c23/fake/252_266/frame_000110.jpg,fail,no_face
video_detector/data/ffpp/frames/test/c23/fake/252_266/frame_000310.jpg,fail,no_face
video_detector/data/ffpp/frames/test/c23/fake/252_266/frame_000270.jpg,fail,no_face
video_detector/data/ffpp/frames/test/c23/fake/252_266/frame_000160.jpg,fail,no_face
video_detector/data/ffpp/frames/test/c23/fake/252_266/frame_000000.jpg,fail,no_face
video_detector/data/ffpp/frames/test/c23/fake/252_266/frame_000200.jpg,fail,no_face
video_detector/data/ffpp/frames/test/c23/fake/252_266/frame_000210.jpg,fail,no_face
video_detector/data/ffpp/frames/test/c23/fake/252_266/frame_000010.jpg,fail,no_face
video_detector/data/ffpp/frames/test/c23/fake/252_266/frame_000170.jpg,fail,no_face
video_detector/data/ffpp/frames/test/c23/fake/252_266/frame_000020.jpg,fail,no_face
video_detector/data/ffpp/frames/test/c23/fake/252_266/frame_000140.jpg,fail,no_face
video_detector/data/ffpp/frames/test/c23/fake/252_266/frame_000220.jpg,fail,no_face
video_detector/data/ffpp/frames/test/c23/fake/252_266/frame_000180.jpg,fail,no_face
video_detector/data/ffpp/frames/test/c23/fake/252_266/frame_000190.jpg,fail,no_face
video_detector/data/ffpp/frames/test/c23/fake/252_266/frame_000230.jpg,fail,no_face
video_detector/data/ffpp/frames/test/c23/fake/252_266/frame_000150.jpg,fail,no_face
video_detector/data/ffpp/frames/test/c23/fake/252_266/frame_000030.jpg,fail,no_face
video_detector/data/ffpp/frames/test/c23/fake/252_266/frame_000240.jpg,fail,no_face
video_detector/data/ffpp/frames/test/c23/fake/252_266/frame_000080.jpg,fail,no_face
video_detector/data/ffpp/frames/test/c23/fake/252_266/frame_000280.jpg,fail,no_face
video_detector/data/ffpp/frames/test/c23/fake/252_266/frame_000040.jpg,fail,no_face
video_detector/data/ffpp/frames/test/c23/fake/252_266/frame_000120.jpg,fail,no_face
video_detector/data/ffpp/frames/test/c23/fake/252_266/frame_000130.jpg,fail,no_face
video_detector/data/ffpp/frames/test/c23/fake/252_266/frame_000050.jpg,fail,no_face
video_detector/data/ffpp/frames/test/c23/fake/252_266/frame_000290.jpg,fail,no_face
video_detector/data/ffpp/frames/test/c23/fake/252_266/frame_000090.jpg,fail,no_face
video_detector/data/ffpp/frames/test/c23/fake/252_266/frame_000250.jpg,fail,no_face
video_detector/data/ffpp/frames/test/c23/fake/994_986/frame_000100.jpg,fail,no_face
video_detector/data/ffpp/frames/test/c23/fake/994_986/frame_000060.jpg,ok,
video_detector/data/ffpp/frames/test/c23/fake/994_986/frame_000070.jpg,ok,
video_detector/data/ffpp/frames/test/c23/fake/994_986/frame_000110.jpg,fail,no_face
video_detector/data/ffpp/frames/test/c23/fake/994_986/frame_000000.jpg,fail,no_face
video_detector/data/ffpp/frames/test/c23/fake/994_986/frame_000010.jpg,fail,no_face
video_detector/data/ffpp/frames/test/c23/fake/994_986/frame_000020.jpg,fail,no_face
video_detector/data/ffpp/frames/test/c23/fake/994_986/frame_000140.jpg,fail,no_face
video_detector/data/ffpp/frames/test/c23/fake/994_986/frame_000150.jpg,fail,no_face
video_detector/data/ffpp/frames/test/c23/fake/994_986/frame_000030.jpg,fail,no_face
video_detector/data/ffpp/frames/test/c23/fake/994_986/frame_000080.jpg,fail,no_face
video_detector/data/ffpp/frames/test/c23/fake/994_986/frame_000040.jpg,fail,no_face
video_detector/data/ffpp/frames/test/c23/fake/994_986/frame_000120.jpg,fail,no_face
video_detector/data/ffpp/frames/test/c23/fake/994_986/frame_000130.jpg,fail,no_face
video_detector/data/ffpp/frames/test/c23/fake/994_986/frame_000050.jpg,fail,no_face
video_detector/data/ffpp/frames/test/c23/fake/994_986/frame_000090.jpg,fail,no_face
video_detector/data/ffpp/frames/test/c23/fake/716_712/frame_000100.jpg,ok,
video_detector/data/ffpp/frames/test/c23/fake/716_712/frame_000060.jpg,fail,no_face
video_detector/data/ffpp/frames/test/c23/fake/716_712/frame_000070.jpg,ok,
video_detector/data/ffpp/frames/test/c23/fake/716_712/frame_000110.jpg,ok,
video_detector/data/ffpp/frames/test/c23/fake/716_712/frame_000000.jpg,ok,
video_detector/data/ffpp/frames/test/c23/fake/716_712/frame_000010.jpg,ok,
video_detector/data/ffpp/frames/test/c23/fake/716_712/frame_000020.jpg,ok,
video_detector/data/ffpp/frames/test/c23/fake/716_712/frame_000140.jpg,ok,
video_detector/data/ffpp/frames/test/c23/fake/716_712/frame_000150.jpg,ok,
video_detector/data/ffpp/frames/test/c23/fake/716_712/frame_000030.jpg,ok,
video_detector/data/ffpp/frames/test/c23/fake/716_712/frame_000080.jpg,fail,no_face
video_detector/data/ffpp/frames/test/c23/fake/716_712/frame_000040.jpg,ok,
video_detector/data/ffpp/frames/test/c23/fake/716_712/frame_000120.jpg,ok,
video_detector/data/ffpp/frames/test/c23/fake/716_712/frame_000130.jpg,ok,
video_detector/data/ffpp/frames/test/c23/fake/716_712/frame_000050.jpg,ok,
video_detector/data/ffpp/frames/test/c23/fake/716_712/frame_000090.jpg,ok,
video_detector/data/ffpp/frames/test/c23/fake/221_206/frame_000260.jpg,fail,no_face
video_detector/data/ffpp/frames/test/c23/fake/221_206/frame_000300.jpg,fail,no_face
video_detector/data/ffpp/frames/test/c23/fake/221_206/frame_000100.jpg,fail,no_face
video_detector/data/ffpp/frames/test/c23/fake/221_206/frame_000060.jpg,fail,no_face
video_detector/data/ffpp/frames/test/c23/fake/221_206/frame_000070.jpg,fail,no_face
video_detector/data/ffpp/frames/test/c23/fake/221_206/frame_000110.jpg,fail,no_face
video_detector/data/ffpp/frames/test/c23/fake/221_206/frame_000310.jpg,fail,no_face
video_detector/data/ffpp/frames/test/c23/fake/221_206/frame_000270.jpg,fail,no_face
video_detector/data/ffpp/frames/test/c23/fake/221_206/frame_000160.jpg,fail,no_face
video_detector/data/ffpp/frames/test/c23/fake/221_206/frame_000000.jpg,fail,no_face
video_detector/data/ffpp/frames/test/c23/fake/221_206/frame_000200.jpg,fail,no_face
video_detector/data/ffpp/frames/test/c23/fake/221_206/frame_000210.jpg,fail,no_face
video_detector/data/ffpp/frames/test/c23/fake/221_206/frame_000010.jpg,fail,no_face
video_detector/data/ffpp/frames/test/c23/fake/221_206/frame_000170.jpg,fail,no_face
video_detector/data/ffpp/frames/test/c23/fake/221_206/frame_000020.jpg,fail,no_face
video_detector/data/ffpp/frames/test/c23/fake/221_206/frame_000140.jpg,fail,no_face
video_detector/data/ffpp/frames/test/c23/fake/221_206/frame_000220.jpg,fail,no_face
video_detector/data/ffpp/frames/test/c23/fake/221_206/frame_000180.jpg,fail,no_face
video_detector/data/ffpp/frames/test/c23/fake/221_206/frame_000190.jpg,fail,no_face
video_detector/data/ffpp/frames/test/c23/fake/221_206/frame_000230.jpg,fail,no_face
video_detector/data/ffpp/frames/test/c23/fake/221_206/frame_000150.jpg,fail,no_face
video_detector/data/ffpp/frames/test/c23/fake/221_206/frame_000030.jpg,fail,no_face
video_detector/data/ffpp/frames/test/c23/fake/221_206/frame_000240.jpg,fail,no_face
video_detector/data/ffpp/frames/test/c23/fake/221_206/frame_000080.jpg,fail,no_face
video_detector/data/ffpp/frames/test/c23/fake/221_206/frame_000280.jpg,fail,no_face
video_detector/data/ffpp/frames/test/c23/fake/221_206/frame_000040.jpg,fail,no_face
video_detector/data/ffpp/frames/test/c23/fake/221_206/frame_000120.jpg,fail,no_face
video_detector/data/ffpp/frames/test/c23/fake/221_206/frame_000130.jpg,fail,no_face
video_detector/data/ffpp/frames/test/c23/fake/221_206/frame_000050.jpg,fail,no_face
video_detector/data/ffpp/frames/test/c23/fake/221_206/frame_000290.jpg,fail,no_face
video_detector/data/ffpp/frames/test/c23/fake/221_206/frame_000090.jpg,fail,no_face
video_detector/data/ffpp/frames/test/c23/fake/221_206/frame_000250.jpg,fail,no_face
video_detector/data/ffpp/frames/test/c23/fake/175_159/frame_000100.jpg,ok,
video_detector/data/ffpp/frames/test/c23/fake/175_159/frame_000060.jpg,fail,no_face
video_detector/data/ffpp/frames/test/c23/fake/175_159/frame_000070.jpg,fail,no_face
video_detector/data/ffpp/frames/test/c23/fake/175_159/frame_000110.jpg,ok,
video_detector/data/ffpp/frames/test/c23/fake/175_159/frame_000000.jpg,fail,no_face
video_detector/data/ffpp/frames/test/c23/fake/175_159/frame_000010.jpg,fail,no_face
video_detector/data/ffpp/frames/test/c23/fake/175_159/frame_000020.jpg,fail,no_face
video_detector/data/ffpp/frames/test/c23/fake/175_159/frame_000140.jpg,fail,no_face
video_detector/data/ffpp/frames/test/c23/fake/175_159/frame_000150.jpg,fail,no_face
video_detector/data/ffpp/frames/test/c23/fake/175_159/frame_000030.jpg,ok,
video_detector/data/ffpp/frames/test/c23/fake/175_159/frame_000080.jpg,fail,no_face
video_detector/data/ffpp/frames/test/c23/fake/175_159/frame_000040.jpg,ok,
video_detector/data/ffpp/frames/test/c23/fake/175_159/frame_000120.jpg,fail,no_face
video_detector/data/ffpp/frames/test/c23/fake/175_159/frame_000130.jpg,fail,no_face
video_detector/data/ffpp/frames/test/c23/fake/175_159/frame_000050.jpg,ok,
video_detector/data/ffpp/frames/test/c23/fake/175_159/frame_000090.jpg,fail,no_face
video_detector/data/ffpp/frames/test/c23/fake/830_828/frame_000260.jpg,fail,no_face
video_detector/data/ffpp/frames/test/c23/fake/830_828/frame_000300.jpg,ok,
video_detector/data/ffpp/frames/test/c23/fake/830_828/frame_000100.jpg,ok,
video_detector/data/ffpp/frames/test/c23/fake/830_828/frame_000060.jpg,ok,
video_detector/data/ffpp/frames/test/c23/fake/830_828/frame_000070.jpg,ok,
video_detector/data/ffpp/frames/test/c23/fake/830_828/frame_000110.jpg,ok,
video_detector/data/ffpp/frames/test/c23/fake/830_828/frame_000310.jpg,ok,
video_detector/data/ffpp/frames/test/c23/fake/830_828/frame_000270.jpg,fail,no_face
video_detector/data/ffpp/frames/test/c23/fake/830_828/frame_000160.jpg,ok,
video_detector/data/ffpp/frames/test/c23/fake/830_828/frame_000000.jpg,ok,
video_detector/data/ffpp/frames/test/c23/fake/830_828/frame_000200.jpg,ok,
video_detector/data/ffpp/frames/test/c23/fake/830_828/frame_000210.jpg,ok,
video_detector/data/ffpp/frames/test/c23/fake/830_828/frame_000010.jpg,ok,
video_detector/data/ffpp/frames/test/c23/fake/830_828/frame_000170.jpg,ok,
video_detector/data/ffpp/frames/test/c23/fake/830_828/frame_000020.jpg,ok,
video_detector/data/ffpp/frames/test/c23/fake/830_828/frame_000140.jpg,ok,
video_detector/data/ffpp/frames/test/c23/fake/830_828/frame_000220.jpg,ok,
video_detector/data/ffpp/frames/test/c23/fake/830_828/frame_000180.jpg,ok,
video_detector/data/ffpp/frames/test/c23/fake/830_828/frame_000190.jpg,ok,
video_detector/data/ffpp/frames/test/c23/fake/830_828/frame_000230.jpg,ok,
video_detector/data/ffpp/frames/test/c23/fake/830_828/frame_000150.jpg,ok,
video_detector/data/ffpp/frames/test/c23/fake/830_828/frame_000030.jpg,ok,
video_detector/data/ffpp/frames/test/c23/fake/830_828/frame_000240.jpg,ok,
video_detector/data/ffpp/frames/test/c23/fake/830_828/frame_000080.jpg,fail,no_face
video_detector/data/ffpp/frames/test/c23/fake/830_828/frame_000280.jpg,fail,no_face
video_detector/data/ffpp/frames/test/c23/fake/830_828/frame_000040.jpg,ok,
video_detector/data/ffpp/frames/test/c23/fake/830_828/frame_000120.jpg,ok,
video_detector/data/ffpp/frames/test/c23/fake/830_828/frame_000130.jpg,ok,
video_detector/data/ffpp/frames/test/c23/fake/830_828/frame_000050.jpg,ok,
video_detector/data/ffpp/frames/test/c23/fake/830_828/frame_000290.jpg,ok,
video_detector/data/ffpp/frames/test/c23/fake/830_828/frame_000090.jpg,fail,no_face
video_detector/data/ffpp/frames/test/c23/fake/830_828/frame_000250.jpg,ok,
video_detector/data/ffpp/frames/test/c23/fake/654_648/frame_000260.jpg,fail,no_face
video_detector/data/ffpp/frames/test/c23/fake/654_648/frame_000300.jpg,fail,no_face
video_detector/data/ffpp/frames/test/c23/fake/654_648/frame_000100.jpg,fail,no_face
video_detector/data/ffpp/frames/test/c23/fake/654_648/frame_000060.jpg,fail,no_face
video_detector/data/ffpp/frames/test/c23/fake/654_648/frame_000070.jpg,fail,no_face
video_detector/data/ffpp/frames/test/c23/fake/654_648/frame_000110.jpg,fail,no_face
video_detector/data/ffpp/frames/test/c23/fake/654_648/frame_000310.jpg,fail,no_face
video_detector/data/ffpp/frames/test/c23/fake/654_648/frame_000270.jpg,fail,no_face
video_detector/data/ffpp/frames/test/c23/fake/654_648/frame_000160.jpg,fail,no_face
video_detector/data/ffpp/frames/test/c23/fake/654_648/frame_000000.jpg,fail,no_face
video_detector/data/ffpp/frames/test/c23/fake/654_648/frame_000200.jpg,fail,no_face
video_detector/data/ffpp/frames/test/c23/fake/654_648/frame_000210.jpg,fail,no_face
video_detector/data/ffpp/frames/test/c23/fake/654_648/frame_000010.jpg,fail,no_face
video_detector/data/ffpp/frames/test/c23/fake/654_648/frame_000170.jpg,fail,no_face
video_detector/data/ffpp/frames/test/c23/fake/654_648/frame_000020.jpg,fail,no_face
video_detector/data/ffpp/frames/test/c23/fake/654_648/frame_000140.jpg,fail,no_face
video_detector/data/ffpp/frames/test/c23/fake/654_648/frame_000220.jpg,fail,no_face
video_detector/data/ffpp/frames/test/c23/fake/654_648/frame_000180.jpg,fail,no_face
video_detector/data/ffpp/frames/test/c23/fake/654_648/frame_000190.jpg,fail,no_face
video_detector/data/ffpp/frames/test/c23/fake/654_648/frame_000230.jpg,fail,no_face
video_detector/data/ffpp/frames/test/c23/fake/654_648/frame_000150.jpg,fail,no_face
video_detector/data/ffpp/frames/test/c23/fake/654_648/frame_000030.jpg,fail,no_face
video_detector/data/ffpp/frames/test/c23/fake/654_648/frame_000240.jpg,fail,no_face
video_detector/data/ffpp/frames/test/c23/fake/654_648/frame_000080.jpg,fail,no_face
video_detector/data/ffpp/frames/test/c23/fake/654_648/frame_000280.jpg,fail,no_face
video_detector/data/ffpp/frames/test/c23/fake/654_648/frame_000040.jpg,fail,no_face
video_detector/data/ffpp/frames/test/c23/fake/654_648/frame_000120.jpg,fail,no_face
video_detector/data/ffpp/frames/test/c23/fake/654_648/frame_000130.jpg,fail,no_face
video_detector/data/ffpp/frames/test/c23/fake/654_648/frame_000050.jpg,fail,no_face
video_detector/data/ffpp/frames/test/c23/fake/654_648/frame_000290.jpg,fail,no_face
video_detector/data/ffpp/frames/test/c23/fake/654_648/frame_000090.jpg,fail,no_face
video_detector/data/ffpp/frames/test/c23/fake/654_648/frame_000250.jpg,fail,no_face
video_detector/data/ffpp/frames/test/c23/fake/257_420/frame_000260.jpg,fail,no_face
video_detector/data/ffpp/frames/test/c23/fake/257_420/frame_000300.jpg,fail,no_face
video_detector/data/ffpp/frames/test/c23/fake/257_420/frame_000100.jpg,fail,no_face
video_detector/data/ffpp/frames/test/c23/fake/257_420/frame_000060.jpg,fail,no_face
video_detector/data/ffpp/frames/test/c23/fake/257_420/frame_000070.jpg,fail,no_face
video_detector/data/ffpp/frames/test/c23/fake/257_420/frame_000110.jpg,fail,no_face
video_detector/data/ffpp/frames/test/c23/fake/257_420/frame_000310.jpg,fail,no_face
video_detector/data/ffpp/frames/test/c23/fake/257_420/frame_000270.jpg,fail,no_face
video_detector/data/ffpp/frames/test/c23/fake/257_420/frame_000160.jpg,fail,no_face
video_detector/data/ffpp/frames/test/c23/fake/257_420/frame_000000.jpg,fail,no_face
video_detector/data/ffpp/frames/test/c23/fake/257_420/frame_000200.jpg,fail,no_face
video_detector/data/ffpp/frames/test/c23/fake/257_420/frame_000210.jpg,fail,no_face
video_detector/data/ffpp/frames/test/c23/fake/257_420/frame_000010.jpg,fail,no_face
video_detector/data/ffpp/frames/test/c23/fake/257_420/frame_000170.jpg,fail,no_face
video_detector/data/ffpp/frames/test/c23/fake/257_420/frame_000020.jpg,fail,no_face
video_detector/data/ffpp/frames/test/c23/fake/257_420/frame_000140.jpg,fail,no_face
video_detector/data/ffpp/frames/test/c23/fake/257_420/frame_000220.jpg,fail,no_face
video_detector/data/ffpp/frames/test/c23/fake/257_420/frame_000180.jpg,fail,no_face
video_detector/data/ffpp/frames/test/c23/fake/257_420/frame_000190.jpg,fail,no_face
video_detector/data/ffpp/frames/test/c23/fake/257_420/frame_000230.jpg,fail,no_face
video_detector/data/ffpp/frames/test/c23/fake/257_420/frame_000150.jpg,fail,no_face
video_detector/data/ffpp/frames/test/c23/fake/257_420/frame_000030.jpg,fail,no_face
video_detector/data/ffpp/frames/test/c23/fake/257_420/frame_000240.jpg,fail,no_face
video_detector/data/ffpp/frames/test/c23/fake/257_420/frame_000080.jpg,fail,no_face
video_detector/data/ffpp/frames/test/c23/fake/257_420/frame_000280.jpg,fail,no_face
video_detector/data/ffpp/frames/test/c23/fake/257_420/frame_000040.jpg,fail,no_face
video_detector/data/ffpp/frames/test/c23/fake/257_420/frame_000120.jpg,fail,no_face
video_detector/data/ffpp/frames/test/c23/fake/257_420/frame_000130.jpg,fail,no_face
video_detector/data/ffpp/frames/test/c23/fake/257_420/frame_000050.jpg,fail,no_face
video_detector/data/ffpp/frames/test/c23/fake/257_420/frame_000290.jpg,fail,no_face
video_detector/data/ffpp/frames/test/c23/fake/257_420/frame_000090.jpg,fail,no_face
video_detector/data/ffpp/frames/test/c23/fake/257_420/frame_000250.jpg,fail,no_face
video_detector/data/ffpp/frames/test/c23/fake/272_396/frame_000100.jpg,fail,no_face
video_detector/data/ffpp/frames/test/c23/fake/272_396/frame_000060.jpg,fail,no_face
video_detector/data/ffpp/frames/test/c23/fake/272_396/frame_000070.jpg,fail,no_face
video_detector/data/ffpp/frames/test/c23/fake/272_396/frame_000110.jpg,fail,no_face
video_detector/data/ffpp/frames/test/c23/fake/272_396/frame_000000.jpg,fail,no_face
video_detector/data/ffpp/frames/test/c23/fake/272_396/frame_000010.jpg,fail,no_face
video_detector/data/ffpp/frames/test/c23/fake/272_396/frame_000020.jpg,fail,no_face
video_detector/data/ffpp/frames/test/c23/fake/272_396/frame_000140.jpg,fail,no_face
video_detector/data/ffpp/frames/test/c23/fake/272_396/frame_000150.jpg,fail,no_face
video_detector/data/ffpp/frames/test/c23/fake/272_396/frame_000030.jpg,fail,no_face
video_detector/data/ffpp/frames/test/c23/fake/272_396/frame_000080.jpg,fail,no_face
video_detector/data/ffpp/frames/test/c23/fake/272_396/frame_000040.jpg,fail,no_face
video_detector/data/ffpp/frames/test/c23/fake/272_396/frame_000120.jpg,fail,no_face
video_detector/data/ffpp/frames/test/c23/fake/272_396/frame_000130.jpg,fail,no_face
video_detector/data/ffpp/frames/test/c23/fake/272_396/frame_000050.jpg,fail,no_face
video_detector/data/ffpp/frames/test/c23/fake/272_396/frame_000090.jpg,fail,no_face
video_detector/data/ffpp/frames/test/c23/real/396/frame_000100.jpg,fail,no_face
video_detector/data/ffpp/frames/test/c23/real/396/frame_000060.jpg,fail,no_face
video_detector/data/ffpp/frames/test/c23/real/396/frame_000070.jpg,fail,no_face
video_detector/data/ffpp/frames/test/c23/real/396/frame_000110.jpg,fail,no_face
video_detector/data/ffpp/frames/test/c23/real/396/frame_000000.jpg,fail,no_face
video_detector/data/ffpp/frames/test/c23/real/396/frame_000010.jpg,fail,no_face
video_detector/data/ffpp/frames/test/c23/real/396/frame_000020.jpg,fail,no_face
video_detector/data/ffpp/frames/test/c23/real/396/frame_000140.jpg,fail,no_face
video_detector/data/ffpp/frames/test/c23/real/396/frame_000150.jpg,fail,no_face
video_detector/data/ffpp/frames/test/c23/real/396/frame_000030.jpg,fail,no_face
video_detector/data/ffpp/frames/test/c23/real/396/frame_000080.jpg,fail,no_face
video_detector/data/ffpp/frames/test/c23/real/396/frame_000040.jpg,fail,no_face
video_detector/data/ffpp/frames/test/c23/real/396/frame_000120.jpg,fail,no_face
video_detector/data/ffpp/frames/test/c23/real/396/frame_000130.jpg,fail,no_face
video_detector/data/ffpp/frames/test/c23/real/396/frame_000050.jpg,fail,no_face
video_detector/data/ffpp/frames/test/c23/real/396/frame_000090.jpg,fail,no_face
video_detector/data/ffpp/frames/test/c23/real/134/frame_000260.jpg,fail,no_face
video_detector/data/ffpp/frames/test/c23/real/134/frame_000300.jpg,fail,no_face
video_detector/data/ffpp/frames/test/c23/real/134/frame_000100.jpg,fail,no_face
video_detector/data/ffpp/frames/test/c23/real/134/frame_000060.jpg,fail,no_face
video_detector/data/ffpp/frames/test/c23/real/134/frame_000070.jpg,fail,no_face
video_detector/data/ffpp/frames/test/c23/real/134/frame_000110.jpg,fail,no_face
video_detector/data/ffpp/frames/test/c23/real/134/frame_000310.jpg,fail,no_face
video_detector/data/ffpp/frames/test/c23/real/134/frame_000270.jpg,fail,no_face
video_detector/data/ffpp/frames/test/c23/real/134/frame_000160.jpg,fail,no_face
video_detector/data/ffpp/frames/test/c23/real/134/frame_000000.jpg,fail,no_face
video_detector/data/ffpp/frames/test/c23/real/134/frame_000200.jpg,fail,no_face
video_detector/data/ffpp/frames/test/c23/real/134/frame_000210.jpg,fail,no_face
video_detector/data/ffpp/frames/test/c23/real/134/frame_000010.jpg,fail,no_face
video_detector/data/ffpp/frames/test/c23/real/134/frame_000170.jpg,fail,no_face
video_detector/data/ffpp/frames/test/c23/real/134/frame_000020.jpg,fail,no_face
video_detector/data/ffpp/frames/test/c23/real/134/frame_000140.jpg,fail,no_face
video_detector/data/ffpp/frames/test/c23/real/134/frame_000220.jpg,fail,no_face
video_detector/data/ffpp/frames/test/c23/real/134/frame_000180.jpg,fail,no_face
video_detector/data/ffpp/frames/test/c23/real/134/frame_000190.jpg,fail,no_face
video_detector/data/ffpp/frames/test/c23/real/134/frame_000230.jpg,fail,no_face
video_detector/data/ffpp/frames/test/c23/real/134/frame_000150.jpg,fail,no_face
video_detector/data/ffpp/frames/test/c23/real/134/frame_000030.jpg,fail,no_face
video_detector/data/ffpp/frames/test/c23/real/134/frame_000240.jpg,fail,no_face
video_detector/data/ffpp/frames/test/c23/real/134/frame_000080.jpg,fail,no_face
video_detector/data/ffpp/frames/test/c23/real/134/frame_000280.jpg,fail,no_face
video_detector/data/ffpp/frames/test/c23/real/134/frame_000040.jpg,fail,no_face
video_detector/data/ffpp/frames/test/c23/real/134/frame_000120.jpg,fail,no_face
video_detector/data/ffpp/frames/test/c23/real/134/frame_000130.jpg,fail,no_face
video_detector/data/ffpp/frames/test/c23/real/134/frame_000050.jpg,fail,no_face
video_detector/data/ffpp/frames/test/c23/real/134/frame_000290.jpg,fail,no_face
video_detector/data/ffpp/frames/test/c23/real/134/frame_000090.jpg,fail,no_face
video_detector/data/ffpp/frames/test/c23/real/134/frame_000250.jpg,fail,no_face
video_detector/data/ffpp/frames/test/c23/real/339/frame_000260.jpg,ok,
video_detector/data/ffpp/frames/test/c23/real/339/frame_000300.jpg,ok,
video_detector/data/ffpp/frames/test/c23/real/339/frame_000100.jpg,ok,
video_detector/data/ffpp/frames/test/c23/real/339/frame_000060.jpg,ok,
video_detector/data/ffpp/frames/test/c23/real/339/frame_000070.jpg,ok,
video_detector/data/ffpp/frames/test/c23/real/339/frame_000110.jpg,ok,
video_detector/data/ffpp/frames/test/c23/real/339/frame_000310.jpg,ok,
video_detector/data/ffpp/frames/test/c23/real/339/frame_000270.jpg,ok,
video_detector/data/ffpp/frames/test/c23/real/339/frame_000160.jpg,ok,
video_detector/data/ffpp/frames/test/c23/real/339/frame_000000.jpg,ok,
video_detector/data/ffpp/frames/test/c23/real/339/frame_000200.jpg,ok,
video_detector/data/ffpp/frames/test/c23/real/339/frame_000210.jpg,ok,
video_detector/data/ffpp/frames/test/c23/real/339/frame_000010.jpg,ok,
video_detector/data/ffpp/frames/test/c23/real/339/frame_000170.jpg,ok,
video_detector/data/ffpp/frames/test/c23/real/339/frame_000020.jpg,ok,
video_detector/data/ffpp/frames/test/c23/real/339/frame_000140.jpg,ok,
video_detector/data/ffpp/frames/test/c23/real/339/frame_000220.jpg,ok,
video_detector/data/ffpp/frames/test/c23/real/339/frame_000180.jpg,ok,
video_detector/data/ffpp/frames/test/c23/real/339/frame_000190.jpg,ok,
video_detector/data/ffpp/frames/test/c23/real/339/frame_000230.jpg,ok,
video_detector/data/ffpp/frames/test/c23/real/339/frame_000150.jpg,ok,
video_detector/data/ffpp/frames/test/c23/real/339/frame_000030.jpg,ok,
video_detector/data/ffpp/frames/test/c23/real/339/frame_000240.jpg,ok,
video_detector/data/ffpp/frames/test/c23/real/339/frame_000080.jpg,ok,
video_detector/data/ffpp/frames/test/c23/real/339/frame_000280.jpg,ok,
video_detector/data/ffpp/frames/test/c23/real/339/frame_000040.jpg,ok,
video_detector/data/ffpp/frames/test/c23/real/339/frame_000120.jpg,ok,
video_detector/data/ffpp/frames/test/c23/real/339/frame_000130.jpg,ok,
video_detector/data/ffpp/frames/test/c23/real/339/frame_000050.jpg,ok,
video_detector/data/ffpp/frames/test/c23/real/339/frame_000290.jpg,ok,
video_detector/data/ffpp/frames/test/c23/real/339/frame_000090.jpg,ok,
video_detector/data/ffpp/frames/test/c23/real/339/frame_000250.jpg,ok,
video_detector/data/ffpp/frames/test/c23/real/441/frame_000260.jpg,ok,
video_detector/data/ffpp/frames/test/c23/real/441/frame_000300.jpg,ok,
video_detector/data/ffpp/frames/test/c23/real/441/frame_000100.jpg,ok,
video_detector/data/ffpp/frames/test/c23/real/441/frame_000060.jpg,ok,
video_detector/data/ffpp/frames/test/c23/real/441/frame_000070.jpg,ok,
video_detector/data/ffpp/frames/test/c23/real/441/frame_000110.jpg,ok,
video_detector/data/ffpp/frames/test/c23/real/441/frame_000270.jpg,ok,
video_detector/data/ffpp/frames/test/c23/real/441/frame_000160.jpg,ok,
video_detector/data/ffpp/frames/test/c23/real/441/frame_000000.jpg,ok,
video_detector/data/ffpp/frames/test/c23/real/441/frame_000200.jpg,ok,
video_detector/data/ffpp/frames/test/c23/real/441/frame_000210.jpg,ok,
video_detector/data/ffpp/frames/test/c23/real/441/frame_000010.jpg,ok,
video_detector/data/ffpp/frames/test/c23/real/441/frame_000170.jpg,ok,
video_detector/data/ffpp/frames/test/c23/real/441/frame_000020.jpg,ok,
video_detector/data/ffpp/frames/test/c23/real/441/frame_000140.jpg,ok,
video_detector/data/ffpp/frames/test/c23/real/441/frame_000220.jpg,ok,
video_detector/data/ffpp/frames/test/c23/real/441/frame_000180.jpg,ok,
video_detector/data/ffpp/frames/test/c23/real/441/frame_000190.jpg,ok,
video_detector/data/ffpp/frames/test/c23/real/441/frame_000230.jpg,ok,
video_detector/data/ffpp/frames/test/c23/real/441/frame_000150.jpg,ok,
video_detector/data/ffpp/frames/test/c23/real/441/frame_000030.jpg,ok,
video_detector/data/ffpp/frames/test/c23/real/441/frame_000240.jpg,ok,
video_detector/data/ffpp/frames/test/c23/real/441/frame_000080.jpg,ok,
video_detector/data/ffpp/frames/test/c23/real/441/frame_000280.jpg,ok,
video_detector/data/ffpp/frames/test/c23/real/441/frame_000040.jpg,ok,
video_detector/data/ffpp/frames/test/c23/real/441/frame_000120.jpg,ok,
video_detector/data/ffpp/frames/test/c23/real/441/frame_000130.jpg,ok,
video_detector/data/ffpp/frames/test/c23/real/441/frame_000050.jpg,ok,
video_detector/data/ffpp/frames/test/c23/real/441/frame_000290.jpg,ok,
video_detector/data/ffpp/frames/test/c23/real/441/frame_000090.jpg,ok,
video_detector/data/ffpp/frames/test/c23/real/441/frame_000250.jpg,ok,
video_detector/data/ffpp/frames/test/c23/real/633/frame_000260.jpg,fail,no_face
video_detector/data/ffpp/frames/test/c23/real/633/frame_000300.jpg,ok,
video_detector/data/ffpp/frames/test/c23/real/633/frame_000100.jpg,ok,
video_detector/data/ffpp/frames/test/c23/real/633/frame_000060.jpg,fail,no_face
video_detector/data/ffpp/frames/test/c23/real/633/frame_000070.jpg,ok,
video_detector/data/ffpp/frames/test/c23/real/633/frame_000110.jpg,ok,
video_detector/data/ffpp/frames/test/c23/real/633/frame_000310.jpg,fail,no_face
video_detector/data/ffpp/frames/test/c23/real/633/frame_000270.jpg,fail,no_face
video_detector/data/ffpp/frames/test/c23/real/633/frame_000160.jpg,ok,
video_detector/data/ffpp/frames/test/c23/real/633/frame_000000.jpg,fail,no_face
video_detector/data/ffpp/frames/test/c23/real/633/frame_000200.jpg,ok,
video_detector/data/ffpp/frames/test/c23/real/633/frame_000210.jpg,fail,no_face
video_detector/data/ffpp/frames/test/c23/real/633/frame_000010.jpg,fail,no_face
video_detector/data/ffpp/frames/test/c23/real/633/frame_000170.jpg,fail,no_face
video_detector/data/ffpp/frames/test/c23/real/633/frame_000020.jpg,fail,no_face
video_detector/data/ffpp/frames/test/c23/real/633/frame_000140.jpg,fail,no_face
video_detector/data/ffpp/frames/test/c23/real/633/frame_000220.jpg,ok,
video_detector/data/ffpp/frames/test/c23/real/633/frame_000180.jpg,ok,
video_detector/data/ffpp/frames/test/c23/real/633/frame_000190.jpg,ok,
video_detector/data/ffpp/frames/test/c23/real/633/frame_000230.jpg,ok,
video_detector/data/ffpp/frames/test/c23/real/633/frame_000150.jpg,ok,
video_detector/data/ffpp/frames/test/c23/real/633/frame_000030.jpg,fail,no_face
video_detector/data/ffpp/frames/test/c23/real/633/frame_000240.jpg,ok,
video_detector/data/ffpp/frames/test/c23/real/633/frame_000080.jpg,ok,
video_detector/data/ffpp/frames/test/c23/real/633/frame_000280.jpg,ok,
video_detector/data/ffpp/frames/test/c23/real/633/frame_000040.jpg,fail,no_face
video_detector/data/ffpp/frames/test/c23/real/633/frame_000120.jpg,ok,
video_detector/data/ffpp/frames/test/c23/real/633/frame_000130.jpg,ok,
video_detector/data/ffpp/frames/test/c23/real/633/frame_000050.jpg,fail,no_face
video_detector/data/ffpp/frames/test/c23/real/633/frame_000290.jpg,ok,
video_detector/data/ffpp/frames/test/c23/real/633/frame_000090.jpg,ok,
video_detector/data/ffpp/frames/test/c23/real/633/frame_000250.jpg,fail,no_face
video_detector/data/ffpp/frames/test/c23/real/266/frame_000100.jpg,fail,no_face
video_detector/data/ffpp/frames/test/c23/real/266/frame_000060.jpg,fail,no_face
video_detector/data/ffpp/frames/test/c23/real/266/frame_000070.jpg,fail,no_face
video_detector/data/ffpp/frames/test/c23/real/266/frame_000110.jpg,fail,no_face
video_detector/data/ffpp/frames/test/c23/real/266/frame_000000.jpg,fail,no_face
video_detector/data/ffpp/frames/test/c23/real/266/frame_000010.jpg,fail,no_face
video_detector/data/ffpp/frames/test/c23/real/266/frame_000020.jpg,fail,no_face
video_detector/data/ffpp/frames/test/c23/real/266/frame_000140.jpg,fail,no_face
video_detector/data/ffpp/frames/test/c23/real/266/frame_000150.jpg,fail,no_face
video_detector/data/ffpp/frames/test/c23/real/266/frame_000030.jpg,fail,no_face
video_detector/data/ffpp/frames/test/c23/real/266/frame_000080.jpg,fail,no_face
video_detector/data/ffpp/frames/test/c23/real/266/frame_000040.jpg,fail,no_face
video_detector/data/ffpp/frames/test/c23/real/266/frame_000120.jpg,fail,no_face
video_detector/data/ffpp/frames/test/c23/real/266/frame_000130.jpg,fail,no_face
video_detector/data/ffpp/frames/test/c23/real/266/frame_000050.jpg,ok,
video_detector/data/ffpp/frames/test/c23/real/266/frame_000090.jpg,fail,no_face
video_detector/data/ffpp/frames/test/c23/real/036/frame_000260.jpg,ok,
video_detector/data/ffpp/frames/test/c23/real/036/frame_000300.jpg,ok,
video_detector/data/ffpp/frames/test/c23/real/036/frame_000100.jpg,ok,
video_detector/data/ffpp/frames/test/c23/real/036/frame_000060.jpg,ok,
video_detector/data/ffpp/frames/test/c23/real/036/frame_000070.jpg,ok,
video_detector/data/ffpp/frames/test/c23/real/036/frame_000110.jpg,ok,
video_detector/data/ffpp/frames/test/c23/real/036/frame_000310.jpg,ok,
video_detector/data/ffpp/frames/test/c23/real/036/frame_000270.jpg,fail,no_face
video_detector/data/ffpp/frames/test/c23/real/036/frame_000160.jpg,ok,
video_detector/data/ffpp/frames/test/c23/real/036/frame_000000.jpg,ok,
video_detector/data/ffpp/frames/test/c23/real/036/frame_000200.jpg,ok,
video_detector/data/ffpp/frames/test/c23/real/036/frame_000210.jpg,ok,
video_detector/data/ffpp/frames/test/c23/real/036/frame_000010.jpg,ok,
video_detector/data/ffpp/frames/test/c23/real/036/frame_000170.jpg,ok,
video_detector/data/ffpp/frames/test/c23/real/036/frame_000020.jpg,ok,
video_detector/data/ffpp/frames/test/c23/real/036/frame_000140.jpg,ok,
video_detector/data/ffpp/frames/test/c23/real/036/frame_000220.jpg,ok,
video_detector/data/ffpp/frames/test/c23/real/036/frame_000180.jpg,ok,
video_detector/data/ffpp/frames/test/c23/real/036/frame_000190.jpg,ok,
video_detector/data/ffpp/frames/test/c23/real/036/frame_000230.jpg,ok,
video_detector/data/ffpp/frames/test/c23/real/036/frame_000150.jpg,ok,
video_detector/data/ffpp/frames/test/c23/real/036/frame_000030.jpg,ok,
video_detector/data/ffpp/frames/test/c23/real/036/frame_000240.jpg,ok,
video_detector/data/ffpp/frames/test/c23/real/036/frame_000080.jpg,ok,
video_detector/data/ffpp/frames/test/c23/real/036/frame_000280.jpg,ok,
video_detector/data/ffpp/frames/test/c23/real/036/frame_000040.jpg,ok,
video_detector/data/ffpp/frames/test/c23/real/036/frame_000120.jpg,ok,
video_detector/data/ffpp/frames/test/c23/real/036/frame_000130.jpg,ok,
video_detector/data/ffpp/frames/test/c23/real/036/frame_000050.jpg,ok,
video_detector/data/ffpp/frames/test/c23/real/036/frame_000290.jpg,ok,
video_detector/data/ffpp/frames/test/c23/real/036/frame_000090.jpg,ok,
video_detector/data/ffpp/frames/test/c23/real/036/frame_000250.jpg,ok,
video_detector/data/ffpp/frames/test/c23/real/657/frame_000100.jpg,ok,
video_detector/data/ffpp/frames/test/c23/real/657/frame_000060.jpg,ok,
video_detector/data/ffpp/frames/test/c23/real/657/frame_000070.jpg,ok,
video_detector/data/ffpp/frames/test/c23/real/657/frame_000110.jpg,ok,
video_detector/data/ffpp/frames/test/c23/real/657/frame_000000.jpg,ok,
video_detector/data/ffpp/frames/test/c23/real/657/frame_000010.jpg,ok,
video_detector/data/ffpp/frames/test/c23/real/657/frame_000020.jpg,fail,no_face
video_detector/data/ffpp/frames/test/c23/real/657/frame_000140.jpg,ok,
video_detector/data/ffpp/frames/test/c23/real/657/frame_000150.jpg,ok,
video_detector/data/ffpp/frames/test/c23/real/657/frame_000030.jpg,ok,
video_detector/data/ffpp/frames/test/c23/real/657/frame_000080.jpg,ok,
video_detector/data/ffpp/frames/test/c23/real/657/frame_000040.jpg,ok,
video_detector/data/ffpp/frames/test/c23/real/657/frame_000120.jpg,ok,
video_detector/data/ffpp/frames/test/c23/real/657/frame_000130.jpg,ok,
video_detector/data/ffpp/frames/test/c23/real/657/frame_000050.jpg,ok,
video_detector/data/ffpp/frames/test/c23/real/657/frame_000090.jpg,ok,
video_detector/data/ffpp/frames/test/c23/real/572/frame_000260.jpg,fail,no_face
video_detector/data/ffpp/frames/test/c23/real/572/frame_000300.jpg,fail,no_face
video_detector/data/ffpp/frames/test/c23/real/572/frame_000100.jpg,fail,no_face
video_detector/data/ffpp/frames/test/c23/real/572/frame_000060.jpg,fail,no_face
video_detector/data/ffpp/frames/test/c23/real/572/frame_000070.jpg,fail,no_face
video_detector/data/ffpp/frames/test/c23/real/572/frame_000110.jpg,fail,no_face
video_detector/data/ffpp/frames/test/c23/real/572/frame_000310.jpg,fail,no_face
video_detector/data/ffpp/frames/test/c23/real/572/frame_000270.jpg,fail,no_face
video_detector/data/ffpp/frames/test/c23/real/572/frame_000160.jpg,fail,no_face
video_detector/data/ffpp/frames/test/c23/real/572/frame_000000.jpg,fail,no_face
video_detector/data/ffpp/frames/test/c23/real/572/frame_000200.jpg,fail,no_face
video_detector/data/ffpp/frames/test/c23/real/572/frame_000210.jpg,fail,no_face
video_detector/data/ffpp/frames/test/c23/real/572/frame_000010.jpg,fail,no_face
video_detector/data/ffpp/frames/test/c23/real/572/frame_000170.jpg,fail,no_face
video_detector/data/ffpp/frames/test/c23/real/572/frame_000020.jpg,fail,no_face
video_detector/data/ffpp/frames/test/c23/real/572/frame_000140.jpg,fail,no_face
video_detector/data/ffpp/frames/test/c23/real/572/frame_000220.jpg,fail,no_face
video_detector/data/ffpp/frames/test/c23/real/572/frame_000180.jpg,fail,no_face
video_detector/data/ffpp/frames/test/c23/real/572/frame_000190.jpg,fail,no_face
video_detector/data/ffpp/frames/test/c23/real/572/frame_000230.jpg,fail,no_face
video_detector/data/ffpp/frames/test/c23/real/572/frame_000150.jpg,fail,no_face
video_detector/data/ffpp/frames/test/c23/real/572/frame_000030.jpg,fail,no_face
video_detector/data/ffpp/frames/test/c23/real/572/frame_000240.jpg,fail,no_face
video_detector/data/ffpp/frames/test/c23/real/572/frame_000080.jpg,fail,no_face
video_detector/data/ffpp/frames/test/c23/real/572/frame_000280.jpg,fail,no_face
video_detector/data/ffpp/frames/test/c23/real/572/frame_000040.jpg,fail,no_face
video_detector/data/ffpp/frames/test/c23/real/572/frame_000120.jpg,fail,no_face
video_detector/data/ffpp/frames/test/c23/real/572/frame_000130.jpg,fail,no_face
video_detector/data/ffpp/frames/test/c23/real/572/frame_000050.jpg,fail,no_face
video_detector/data/ffpp/frames/test/c23/real/572/frame_000290.jpg,fail,no_face
video_detector/data/ffpp/frames/test/c23/real/572/frame_000090.jpg,fail,no_face
video_detector/data/ffpp/frames/test/c23/real/572/frame_000250.jpg,fail,no_face
video_detector/data/ffpp/frames/test/c23/real/712/frame_000100.jpg,fail,no_face
video_detector/data/ffpp/frames/test/c23/real/712/frame_000060.jpg,fail,no_face
video_detector/data/ffpp/frames/test/c23/real/712/frame_000070.jpg,fail,no_face
video_detector/data/ffpp/frames/test/c23/real/712/frame_000110.jpg,fail,no_face
video_detector/data/ffpp/frames/test/c23/real/712/frame_000000.jpg,fail,no_face
video_detector/data/ffpp/frames/test/c23/real/712/frame_000010.jpg,fail,no_face
video_detector/data/ffpp/frames/test/c23/real/712/frame_000020.jpg,fail,no_face
video_detector/data/ffpp/frames/test/c23/real/712/frame_000140.jpg,fail,no_face
video_detector/data/ffpp/frames/test/c23/real/712/frame_000150.jpg,fail,no_face
video_detector/data/ffpp/frames/test/c23/real/712/frame_000030.jpg,fail,no_face
video_detector/data/ffpp/frames/test/c23/real/712/frame_000080.jpg,fail,no_face
video_detector/data/ffpp/frames/test/c23/real/712/frame_000040.jpg,fail,no_face
video_detector/data/ffpp/frames/test/c23/real/712/frame_000120.jpg,fail,no_face
video_detector/data/ffpp/frames/test/c23/real/712/frame_000130.jpg,fail,no_face
video_detector/data/ffpp/frames/test/c23/real/712/frame_000050.jpg,fail,no_face
video_detector/data/ffpp/frames/test/c23/real/712/frame_000090.jpg,fail,no_face
video_detector/data/ffpp/frames/test/c23/real/175/frame_000260.jpg,fail,no_face
video_detector/data/ffpp/frames/test/c23/real/175/frame_000300.jpg,fail,no_face
video_detector/data/ffpp/frames/test/c23/real/175/frame_000100.jpg,fail,no_face
video_detector/data/ffpp/frames/test/c23/real/175/frame_000060.jpg,ok,
video_detector/data/ffpp/frames/test/c23/real/175/frame_000070.jpg,fail,no_face
video_detector/data/ffpp/frames/test/c23/real/175/frame_000110.jpg,fail,no_face
video_detector/data/ffpp/frames/test/c23/real/175/frame_000310.jpg,fail,no_face
video_detector/data/ffpp/frames/test/c23/real/175/frame_000270.jpg,fail,no_face
video_detector/data/ffpp/frames/test/c23/real/175/frame_000160.jpg,fail,no_face
video_detector/data/ffpp/frames/test/c23/real/175/frame_000000.jpg,ok,
video_detector/data/ffpp/frames/test/c23/real/175/frame_000200.jpg,fail,no_face
video_detector/data/ffpp/frames/test/c23/real/175/frame_000210.jpg,fail,no_face
video_detector/data/ffpp/frames/test/c23/real/175/frame_000010.jpg,ok,
video_detector/data/ffpp/frames/test/c23/real/175/frame_000170.jpg,fail,no_face
video_detector/data/ffpp/frames/test/c23/real/175/frame_000020.jpg,fail,no_face
video_detector/data/ffpp/frames/test/c23/real/175/frame_000140.jpg,fail,no_face
video_detector/data/ffpp/frames/test/c23/real/175/frame_000220.jpg,fail,no_face
video_detector/data/ffpp/frames/test/c23/real/175/frame_000180.jpg,fail,no_face
video_detector/data/ffpp/frames/test/c23/real/175/frame_000190.jpg,fail,no_face
video_detector/data/ffpp/frames/test/c23/real/175/frame_000230.jpg,fail,no_face
video_detector/data/ffpp/frames/test/c23/real/175/frame_000150.jpg,fail,no_face
video_detector/data/ffpp/frames/test/c23/real/175/frame_000030.jpg,ok,
video_detector/data/ffpp/frames/test/c23/real/175/frame_000240.jpg,fail,no_face
video_detector/data/ffpp/frames/test/c23/real/175/frame_000080.jpg,fail,no_face
video_detector/data/ffpp/frames/test/c23/real/175/frame_000280.jpg,fail,no_face
video_detector/data/ffpp/frames/test/c23/real/175/frame_000040.jpg,ok,
video_detector/data/ffpp/frames/test/c23/real/175/frame_000120.jpg,fail,no_face
video_detector/data/ffpp/frames/test/c23/real/175/frame_000130.jpg,fail,no_face
video_detector/data/ffpp/frames/test/c23/real/175/frame_000050.jpg,ok,
video_detector/data/ffpp/frames/test/c23/real/175/frame_000290.jpg,fail,no_face
video_detector/data/ffpp/frames/test/c23/real/175/frame_000090.jpg,fail,no_face
video_detector/data/ffpp/frames/test/c23/real/175/frame_000250.jpg,fail,no_face
video_detector/data/ffpp/frames/test/c23/real/992/frame_000260.jpg,fail,no_face
video_detector/data/ffpp/frames/test/c23/real/992/frame_000300.jpg,fail,no_face
video_detector/data/ffpp/frames/test/c23/real/992/frame_000100.jpg,fail,no_face
video_detector/data/ffpp/frames/test/c23/real/992/frame_000060.jpg,fail,no_face
video_detector/data/ffpp/frames/test/c23/real/992/frame_000070.jpg,fail,no_face
video_detector/data/ffpp/frames/test/c23/real/992/frame_000110.jpg,fail,no_face
video_detector/data/ffpp/frames/test/c23/real/992/frame_000310.jpg,fail,no_face
video_detector/data/ffpp/frames/test/c23/real/992/frame_000270.jpg,fail,no_face
video_detector/data/ffpp/frames/test/c23/real/992/frame_000160.jpg,fail,no_face
video_detector/data/ffpp/frames/test/c23/real/992/frame_000000.jpg,fail,no_face
video_detector/data/ffpp/frames/test/c23/real/992/frame_000200.jpg,fail,no_face
video_detector/data/ffpp/frames/test/c23/real/992/frame_000210.jpg,fail,no_face
video_detector/data/ffpp/frames/test/c23/real/992/frame_000010.jpg,fail,no_face
video_detector/data/ffpp/frames/test/c23/real/992/frame_000170.jpg,fail,no_face
video_detector/data/ffpp/frames/test/c23/real/992/frame_000020.jpg,fail,no_face
video_detector/data/ffpp/frames/test/c23/real/992/frame_000140.jpg,fail,no_face
video_detector/data/ffpp/frames/test/c23/real/992/frame_000220.jpg,fail,no_face
video_detector/data/ffpp/frames/test/c23/real/992/frame_000180.jpg,fail,no_face
video_detector/data/ffpp/frames/test/c23/real/992/frame_000190.jpg,fail,no_face
video_detector/data/ffpp/frames/test/c23/real/992/frame_000230.jpg,fail,no_face
video_detector/data/ffpp/frames/test/c23/real/992/frame_000150.jpg,fail,no_face
video_detector/data/ffpp/frames/test/c23/real/992/frame_000030.jpg,fail,no_face
video_detector/data/ffpp/frames/test/c23/real/992/frame_000240.jpg,fail,no_face
video_detector/data/ffpp/frames/test/c23/real/992/frame_000080.jpg,fail,no_face
video_detector/data/ffpp/frames/test/c23/real/992/frame_000280.jpg,fail,no_face
video_detector/data/ffpp/frames/test/c23/real/992/frame_000040.jpg,fail,no_face
video_detector/data/ffpp/frames/test/c23/real/992/frame_000120.jpg,fail,no_face
video_detector/data/ffpp/frames/test/c23/real/992/frame_000130.jpg,fail,no_face
video_detector/data/ffpp/frames/test/c23/real/992/frame_000050.jpg,fail,no_face
video_detector/data/ffpp/frames/test/c23/real/992/frame_000290.jpg,fail,no_face
video_detector/data/ffpp/frames/test/c23/real/992/frame_000090.jpg,fail,no_face
video_detector/data/ffpp/frames/test/c23/real/992/frame_000250.jpg,fail,no_face
video_detector/data/ffpp/frames/test/c23/real/599/frame_000100.jpg,ok,
video_detector/data/ffpp/frames/test/c23/real/599/frame_000060.jpg,ok,
video_detector/data/ffpp/frames/test/c23/real/599/frame_000070.jpg,ok,
video_detector/data/ffpp/frames/test/c23/real/599/frame_000110.jpg,ok,
video_detector/data/ffpp/frames/test/c23/real/599/frame_000000.jpg,ok,
video_detector/data/ffpp/frames/test/c23/real/599/frame_000010.jpg,ok,
video_detector/data/ffpp/frames/test/c23/real/599/frame_000020.jpg,ok,
video_detector/data/ffpp/frames/test/c23/real/599/frame_000140.jpg,ok,
video_detector/data/ffpp/frames/test/c23/real/599/frame_000150.jpg,ok,
video_detector/data/ffpp/frames/test/c23/real/599/frame_000030.jpg,ok,
video_detector/data/ffpp/frames/test/c23/real/599/frame_000080.jpg,ok,
video_detector/data/ffpp/frames/test/c23/real/599/frame_000040.jpg,ok,
video_detector/data/ffpp/frames/test/c23/real/599/frame_000120.jpg,ok,
video_detector/data/ffpp/frames/test/c23/real/599/frame_000130.jpg,ok,
video_detector/data/ffpp/frames/test/c23/real/599/frame_000050.jpg,ok,
video_detector/data/ffpp/frames/test/c23/real/599/frame_000090.jpg,ok,
video_detector/data/ffpp/frames/test/c23/real/107/frame_000260.jpg,fail,no_face
video_detector/data/ffpp/frames/test/c23/real/107/frame_000300.jpg,fail,no_face
video_detector/data/ffpp/frames/test/c23/real/107/frame_000100.jpg,fail,no_face
video_detector/data/ffpp/frames/test/c23/real/107/frame_000060.jpg,fail,no_face
video_detector/data/ffpp/frames/test/c23/real/107/frame_000070.jpg,fail,no_face
video_detector/data/ffpp/frames/test/c23/real/107/frame_000110.jpg,fail,no_face
video_detector/data/ffpp/frames/test/c23/real/107/frame_000310.jpg,fail,no_face
video_detector/data/ffpp/frames/test/c23/real/107/frame_000270.jpg,fail,no_face
video_detector/data/ffpp/frames/test/c23/real/107/frame_000160.jpg,fail,no_face
video_detector/data/ffpp/frames/test/c23/real/107/frame_000000.jpg,fail,no_face
video_detector/data/ffpp/frames/test/c23/real/107/frame_000200.jpg,fail,no_face
video_detector/data/ffpp/frames/test/c23/real/107/frame_000210.jpg,fail,no_face
video_detector/data/ffpp/frames/test/c23/real/107/frame_000010.jpg,fail,no_face
video_detector/data/ffpp/frames/test/c23/real/107/frame_000170.jpg,fail,no_face
video_detector/data/ffpp/frames/test/c23/real/107/frame_000020.jpg,fail,no_face
video_detector/data/ffpp/frames/test/c23/real/107/frame_000140.jpg,fail,no_face
video_detector/data/ffpp/frames/test/c23/real/107/frame_000220.jpg,fail,no_face
video_detector/data/ffpp/frames/test/c23/real/107/frame_000180.jpg,fail,no_face
video_detector/data/ffpp/frames/test/c23/real/107/frame_000190.jpg,fail,no_face
video_detector/data/ffpp/frames/test/c23/real/107/frame_000230.jpg,fail,no_face
video_detector/data/ffpp/frames/test/c23/real/107/frame_000150.jpg,fail,no_face
video_detector/data/ffpp/frames/test/c23/real/107/frame_000030.jpg,fail,no_face
video_detector/data/ffpp/frames/test/c23/real/107/frame_000240.jpg,fail,no_face
video_detector/data/ffpp/frames/test/c23/real/107/frame_000080.jpg,fail,no_face
video_detector/data/ffpp/frames/test/c23/real/107/frame_000280.jpg,fail,no_face
video_detector/data/ffpp/frames/test/c23/real/107/frame_000040.jpg,fail,no_face
video_detector/data/ffpp/frames/test/c23/real/107/frame_000120.jpg,fail,no_face
video_detector/data/ffpp/frames/test/c23/real/107/frame_000130.jpg,fail,no_face
video_detector/data/ffpp/frames/test/c23/real/107/frame_000050.jpg,fail,no_face
video_detector/data/ffpp/frames/test/c23/real/107/frame_000290.jpg,fail,no_face
video_detector/data/ffpp/frames/test/c23/real/107/frame_000090.jpg,fail,no_face
video_detector/data/ffpp/frames/test/c23/real/107/frame_000250.jpg,fail,no_face
video_detector/data/ffpp/frames/test/c23/real/565/frame_000260.jpg,fail,no_face
video_detector/data/ffpp/frames/test/c23/real/565/frame_000300.jpg,fail,no_face
video_detector/data/ffpp/frames/test/c23/real/565/frame_000100.jpg,fail,no_face
video_detector/data/ffpp/frames/test/c23/real/565/frame_000060.jpg,fail,no_face
video_detector/data/ffpp/frames/test/c23/real/565/frame_000070.jpg,ok,
video_detector/data/ffpp/frames/test/c23/real/565/frame_000110.jpg,fail,no_face
video_detector/data/ffpp/frames/test/c23/real/565/frame_000310.jpg,fail,no_face
video_detector/data/ffpp/frames/test/c23/real/565/frame_000270.jpg,ok,
video_detector/data/ffpp/frames/test/c23/real/565/frame_000160.jpg,fail,no_face
video_detector/data/ffpp/frames/test/c23/real/565/frame_000000.jpg,fail,no_face
video_detector/data/ffpp/frames/test/c23/real/565/frame_000200.jpg,fail,no_face
video_detector/data/ffpp/frames/test/c23/real/565/frame_000210.jpg,fail,no_face
video_detector/data/ffpp/frames/test/c23/real/565/frame_000010.jpg,fail,no_face
video_detector/data/ffpp/frames/test/c23/real/565/frame_000170.jpg,ok,
video_detector/data/ffpp/frames/test/c23/real/565/frame_000020.jpg,fail,no_face
video_detector/data/ffpp/frames/test/c23/real/565/frame_000140.jpg,ok,
video_detector/data/ffpp/frames/test/c23/real/565/frame_000220.jpg,fail,no_face
video_detector/data/ffpp/frames/test/c23/real/565/frame_000180.jpg,fail,no_face
video_detector/data/ffpp/frames/test/c23/real/565/frame_000190.jpg,fail,no_face
video_detector/data/ffpp/frames/test/c23/real/565/frame_000230.jpg,ok,
video_detector/data/ffpp/frames/test/c23/real/565/frame_000150.jpg,ok,
video_detector/data/ffpp/frames/test/c23/real/565/frame_000030.jpg,fail,no_face
video_detector/data/ffpp/frames/test/c23/real/565/frame_000240.jpg,fail,no_face
video_detector/data/ffpp/frames/test/c23/real/565/frame_000080.jpg,fail,no_face
video_detector/data/ffpp/frames/test/c23/real/565/frame_000280.jpg,ok,
video_detector/data/ffpp/frames/test/c23/real/565/frame_000040.jpg,ok,
video_detector/data/ffpp/frames/test/c23/real/565/frame_000120.jpg,fail,no_face
video_detector/data/ffpp/frames/test/c23/real/565/frame_000130.jpg,ok,
video_detector/data/ffpp/frames/test/c23/real/565/frame_000050.jpg,fail,no_face
video_detector/data/ffpp/frames/test/c23/real/565/frame_000290.jpg,ok,
video_detector/data/ffpp/frames/test/c23/real/565/frame_000090.jpg,ok,
video_detector/data/ffpp/frames/test/c23/real/565/frame_000250.jpg,fail,no_face
video_detector/data/ffpp/frames/test/c23/real/284/frame_000260.jpg,ok,
video_detector/data/ffpp/frames/test/c23/real/284/frame_000300.jpg,ok,
video_detector/data/ffpp/frames/test/c23/real/284/frame_000100.jpg,ok,
video_detector/data/ffpp/frames/test/c23/real/284/frame_000060.jpg,ok,
video_detector/data/ffpp/frames/test/c23/real/284/frame_000070.jpg,ok,
video_detector/data/ffpp/frames/test/c23/real/284/frame_000110.jpg,ok,
video_detector/data/ffpp/frames/test/c23/real/284/frame_000310.jpg,ok,
video_detector/data/ffpp/frames/test/c23/real/284/frame_000270.jpg,ok,
video_detector/data/ffpp/frames/test/c23/real/284/frame_000160.jpg,ok,
video_detector/data/ffpp/frames/test/c23/real/284/frame_000000.jpg,ok,
video_detector/data/ffpp/frames/test/c23/real/284/frame_000200.jpg,ok,
video_detector/data/ffpp/frames/test/c23/real/284/frame_000210.jpg,ok,
video_detector/data/ffpp/frames/test/c23/real/284/frame_000010.jpg,ok,
video_detector/data/ffpp/frames/test/c23/real/284/frame_000170.jpg,ok,
video_detector/data/ffpp/frames/test/c23/real/284/frame_000020.jpg,ok,
video_detector/data/ffpp/frames/test/c23/real/284/frame_000140.jpg,ok,
video_detector/data/ffpp/frames/test/c23/real/284/frame_000220.jpg,ok,
video_detector/data/ffpp/frames/test/c23/real/284/frame_000180.jpg,ok,
video_detector/data/ffpp/frames/test/c23/real/284/frame_000190.jpg,ok,
video_detector/data/ffpp/frames/test/c23/real/284/frame_000230.jpg,ok,
video_detector/data/ffpp/frames/test/c23/real/284/frame_000150.jpg,ok,
video_detector/data/ffpp/frames/test/c23/real/284/frame_000030.jpg,ok,
video_detector/data/ffpp/frames/test/c23/real/284/frame_000240.jpg,ok,
video_detector/data/ffpp/frames/test/c23/real/284/frame_000080.jpg,ok,
video_detector/data/ffpp/frames/test/c23/real/284/frame_000280.jpg,ok,
video_detector/data/ffpp/frames/test/c23/real/284/frame_000040.jpg,ok,
video_detector/data/ffpp/frames/test/c23/real/284/frame_000120.jpg,ok,
video_detector/data/ffpp/frames/test/c23/real/284/frame_000130.jpg,ok,
video_detector/data/ffpp/frames/test/c23/real/284/frame_000050.jpg,fail,no_face
video_detector/data/ffpp/frames/test/c23/real/284/frame_000290.jpg,ok,
video_detector/data/ffpp/frames/test/c23/real/284/frame_000090.jpg,ok,
video_detector/data/ffpp/frames/test/c23/real/284/frame_000250.jpg,ok,
video_detector/data/ffpp/frames/test/c23/real/241/frame_000260.jpg,ok,
video_detector/data/ffpp/frames/test/c23/real/241/frame_000100.jpg,ok,
video_detector/data/ffpp/frames/test/c23/real/241/frame_000060.jpg,fail,no_face
video_detector/data/ffpp/frames/test/c23/real/241/frame_000070.jpg,fail,no_face
video_detector/data/ffpp/frames/test/c23/real/241/frame_000110.jpg,ok,
video_detector/data/ffpp/frames/test/c23/real/241/frame_000270.jpg,ok,
video_detector/data/ffpp/frames/test/c23/real/241/frame_000160.jpg,ok,
video_detector/data/ffpp/frames/test/c23/real/241/frame_000000.jpg,ok,
video_detector/data/ffpp/frames/test/c23/real/241/frame_000200.jpg,ok,
video_detector/data/ffpp/frames/test/c23/real/241/frame_000210.jpg,ok,
video_detector/data/ffpp/frames/test/c23/real/241/frame_000010.jpg,ok,
video_detector/data/ffpp/frames/test/c23/real/241/frame_000170.jpg,ok,
video_detector/data/ffpp/frames/test/c23/real/241/frame_000020.jpg,ok,
video_detector/data/ffpp/frames/test/c23/real/241/frame_000140.jpg,ok,
video_detector/data/ffpp/frames/test/c23/real/241/frame_000220.jpg,ok,
video_detector/data/ffpp/frames/test/c23/real/241/frame_000180.jpg,ok,
video_detector/data/ffpp/frames/test/c23/real/241/frame_000190.jpg,ok,
video_detector/data/ffpp/frames/test/c23/real/241/frame_000230.jpg,ok,
video_detector/data/ffpp/frames/test/c23/real/241/frame_000150.jpg,ok,
video_detector/data/ffpp/frames/test/c23/real/241/frame_000030.jpg,ok,
video_detector/data/ffpp/frames/test/c23/real/241/frame_000240.jpg,ok,
video_detector/data/ffpp/frames/test/c23/real/241/frame_000080.jpg,fail,no_face
video_detector/data/ffpp/frames/test/c23/real/241/frame_000280.jpg,ok,
video_detector/data/ffpp/frames/test/c23/real/241/frame_000040.jpg,ok,
video_detector/data/ffpp/frames/test/c23/real/241/frame_000120.jpg,ok,
video_detector/data/ffpp/frames/test/c23/real/241/frame_000130.jpg,ok,
video_detector/data/ffpp/frames/test/c23/real/241/frame_000050.jpg,fail,no_face
video_detector/data/ffpp/frames/test/c23/real/241/frame_000290.jpg,ok,
video_detector/data/ffpp/frames/test/c23/real/241/frame_000090.jpg,ok,
video_detector/data/ffpp/frames/test/c23/real/241/frame_000250.jpg,ok,
video_detector/data/ffpp/frames/test/c23/real/044/frame_000260.jpg,ok,
video_detector/data/ffpp/frames/test/c23/real/044/frame_000300.jpg,fail,no_face
video_detector/data/ffpp/frames/test/c23/real/044/frame_000100.jpg,ok,
video_detector/data/ffpp/frames/test/c23/real/044/frame_000060.jpg,ok,
video_detector/data/ffpp/frames/test/c23/real/044/frame_000070.jpg,fail,no_face
video_detector/data/ffpp/frames/test/c23/real/044/frame_000110.jpg,ok,
video_detector/data/ffpp/frames/test/c23/real/044/frame_000310.jpg,ok,
video_detector/data/ffpp/frames/test/c23/real/044/frame_000270.jpg,ok,
video_detector/data/ffpp/frames/test/c23/real/044/frame_000160.jpg,ok,
video_detector/data/ffpp/frames/test/c23/real/044/frame_000000.jpg,ok,
video_detector/data/ffpp/frames/test/c23/real/044/frame_000200.jpg,ok,
video_detector/data/ffpp/frames/test/c23/real/044/frame_000210.jpg,ok,
video_detector/data/ffpp/frames/test/c23/real/044/frame_000010.jpg,ok,
video_detector/data/ffpp/frames/test/c23/real/044/frame_000170.jpg,ok,
video_detector/data/ffpp/frames/test/c23/real/044/frame_000020.jpg,ok,
video_detector/data/ffpp/frames/test/c23/real/044/frame_000140.jpg,ok,
video_detector/data/ffpp/frames/test/c23/real/044/frame_000220.jpg,ok,
video_detector/data/ffpp/frames/test/c23/real/044/frame_000180.jpg,ok,
video_detector/data/ffpp/frames/test/c23/real/044/frame_000190.jpg,ok,
video_detector/data/ffpp/frames/test/c23/real/044/frame_000230.jpg,ok,
video_detector/data/ffpp/frames/test/c23/real/044/frame_000150.jpg,ok,
video_detector/data/ffpp/frames/test/c23/real/044/frame_000030.jpg,ok,
video_detector/data/ffpp/frames/test/c23/real/044/frame_000240.jpg,ok,
video_detector/data/ffpp/frames/test/c23/real/044/frame_000080.jpg,ok,
video_detector/data/ffpp/frames/test/c23/real/044/frame_000280.jpg,ok,
video_detector/data/ffpp/frames/test/c23/real/044/frame_000040.jpg,ok,
video_detector/data/ffpp/frames/test/c23/real/044/frame_000120.jpg,ok,
video_detector/data/ffpp/frames/test/c23/real/044/frame_000130.jpg,ok,
video_detector/data/ffpp/frames/test/c23/real/044/frame_000050.jpg,ok,
video_detector/data/ffpp/frames/test/c23/real/044/frame_000290.jpg,ok,
video_detector/data/ffpp/frames/test/c23/real/044/frame_000090.jpg,ok,
video_detector/data/ffpp/frames/test/c23/real/044/frame_000250.jpg,ok,
video_detector/data/ffpp/frames/test/c23/real/222/frame_000260.jpg,ok,
video_detector/data/ffpp/frames/test/c23/real/222/frame_000300.jpg,ok,
video_detector/data/ffpp/frames/test/c23/real/222/frame_000100.jpg,ok,
video_detector/data/ffpp/frames/test/c23/real/222/frame_000060.jpg,ok,
video_detector/data/ffpp/frames/test/c23/real/222/frame_000070.jpg,ok,
video_detector/data/ffpp/frames/test/c23/real/222/frame_000110.jpg,fail,no_face
video_detector/data/ffpp/frames/test/c23/real/222/frame_000310.jpg,ok,
video_detector/data/ffpp/frames/test/c23/real/222/frame_000270.jpg,fail,no_face
video_detector/data/ffpp/frames/test/c23/real/222/frame_000160.jpg,ok,
video_detector/data/ffpp/frames/test/c23/real/222/frame_000000.jpg,ok,
video_detector/data/ffpp/frames/test/c23/real/222/frame_000200.jpg,fail,no_face
video_detector/data/ffpp/frames/test/c23/real/222/frame_000210.jpg,ok,
video_detector/data/ffpp/frames/test/c23/real/222/frame_000010.jpg,ok,
video_detector/data/ffpp/frames/test/c23/real/222/frame_000170.jpg,fail,no_face
video_detector/data/ffpp/frames/test/c23/real/222/frame_000020.jpg,ok,
video_detector/data/ffpp/frames/test/c23/real/222/frame_000140.jpg,fail,no_face
video_detector/data/ffpp/frames/test/c23/real/222/frame_000220.jpg,fail,no_face
video_detector/data/ffpp/frames/test/c23/real/222/frame_000180.jpg,fail,no_face
video_detector/data/ffpp/frames/test/c23/real/222/frame_000190.jpg,fail,no_face
video_detector/data/ffpp/frames/test/c23/real/222/frame_000230.jpg,ok,
video_detector/data/ffpp/frames/test/c23/real/222/frame_000150.jpg,fail,no_face
video_detector/data/ffpp/frames/test/c23/real/222/frame_000030.jpg,ok,
video_detector/data/ffpp/frames/test/c23/real/222/frame_000240.jpg,fail,no_face
video_detector/data/ffpp/frames/test/c23/real/222/frame_000080.jpg,ok,
video_detector/data/ffpp/frames/test/c23/real/222/frame_000280.jpg,ok,
video_detector/data/ffpp/frames/test/c23/real/222/frame_000040.jpg,ok,
video_detector/data/ffpp/frames/test/c23/real/222/frame_000120.jpg,fail,no_face
video_detector/data/ffpp/frames/test/c23/real/222/frame_000130.jpg,ok,
video_detector/data/ffpp/frames/test/c23/real/222/frame_000050.jpg,ok,
video_detector/data/ffpp/frames/test/c23/real/222/frame_000290.jpg,fail,no_face
video_detector/data/ffpp/frames/test/c23/real/222/frame_000090.jpg,ok,
video_detector/data/ffpp/frames/test/c23/real/222/frame_000250.jpg,fail,no_face
video_detector/data/ffpp/frames/test/c23/real/677/frame_000260.jpg,ok,
video_detector/data/ffpp/frames/test/c23/real/677/frame_000300.jpg,ok,
video_detector/data/ffpp/frames/test/c23/real/677/frame_000100.jpg,ok,
video_detector/data/ffpp/frames/test/c23/real/677/frame_000060.jpg,ok,
video_detector/data/ffpp/frames/test/c23/real/677/frame_000070.jpg,fail,no_face
video_detector/data/ffpp/frames/test/c23/real/677/frame_000110.jpg,ok,
video_detector/data/ffpp/frames/test/c23/real/677/frame_000310.jpg,ok,
video_detector/data/ffpp/frames/test/c23/real/677/frame_000270.jpg,ok,
video_detector/data/ffpp/frames/test/c23/real/677/frame_000160.jpg,ok,
video_detector/data/ffpp/frames/test/c23/real/677/frame_000000.jpg,ok,
video_detector/data/ffpp/frames/test/c23/real/677/frame_000200.jpg,fail,no_face
video_detector/data/ffpp/frames/test/c23/real/677/frame_000210.jpg,fail,no_face
video_detector/data/ffpp/frames/test/c23/real/677/frame_000010.jpg,ok,
video_detector/data/ffpp/frames/test/c23/real/677/frame_000170.jpg,fail,no_face
video_detector/data/ffpp/frames/test/c23/real/677/frame_000020.jpg,ok,
video_detector/data/ffpp/frames/test/c23/real/677/frame_000140.jpg,fail,no_face
video_detector/data/ffpp/frames/test/c23/real/677/frame_000220.jpg,ok,
video_detector/data/ffpp/frames/test/c23/real/677/frame_000180.jpg,ok,
video_detector/data/ffpp/frames/test/c23/real/677/frame_000190.jpg,fail,no_face
video_detector/data/ffpp/frames/test/c23/real/677/frame_000230.jpg,ok,
video_detector/data/ffpp/frames/test/c23/real/677/frame_000150.jpg,fail,no_face
video_detector/data/ffpp/frames/test/c23/real/677/frame_000030.jpg,ok,
video_detector/data/ffpp/frames/test/c23/real/677/frame_000240.jpg,ok,
video_detector/data/ffpp/frames/test/c23/real/677/frame_000080.jpg,ok,
video_detector/data/ffpp/frames/test/c23/real/677/frame_000280.jpg,ok,
video_detector/data/ffpp/frames/test/c23/real/677/frame_000040.jpg,ok,
video_detector/data/ffpp/frames/test/c23/real/677/frame_000120.jpg,ok,
video_detector/data/ffpp/frames/test/c23/real/677/frame_000130.jpg,ok,
video_detector/data/ffpp/frames/test/c23/real/677/frame_000050.jpg,fail,no_face
video_detector/data/ffpp/frames/test/c23/real/677/frame_000290.jpg,ok,
video_detector/data/ffpp/frames/test/c23/real/677/frame_000090.jpg,ok,
video_detector/data/ffpp/frames/test/c23/real/677/frame_000250.jpg,ok,
video_detector/data/ffpp/frames/test/c23/real/830/frame_000100.jpg,ok,
video_detector/data/ffpp/frames/test/c23/real/830/frame_000060.jpg,ok,
video_detector/data/ffpp/frames/test/c23/real/830/frame_000070.jpg,ok,
video_detector/data/ffpp/frames/test/c23/real/830/frame_000110.jpg,ok,
video_detector/data/ffpp/frames/test/c23/real/830/frame_000000.jpg,ok,
video_detector/data/ffpp/frames/test/c23/real/830/frame_000010.jpg,ok,
video_detector/data/ffpp/frames/test/c23/real/830/frame_000020.jpg,ok,
video_detector/data/ffpp/frames/test/c23/real/830/frame_000140.jpg,ok,
video_detector/data/ffpp/frames/test/c23/real/830/frame_000150.jpg,ok,
video_detector/data/ffpp/frames/test/c23/real/830/frame_000030.jpg,ok,
video_detector/data/ffpp/frames/test/c23/real/830/frame_000080.jpg,ok,
video_detector/data/ffpp/frames/test/c23/real/830/frame_000040.jpg,ok,
video_detector/data/ffpp/frames/test/c23/real/830/frame_000120.jpg,ok,
video_detector/data/ffpp/frames/test/c23/real/830/frame_000130.jpg,ok,
video_detector/data/ffpp/frames/test/c23/real/830/frame_000050.jpg,ok,
video_detector/data/ffpp/frames/test/c23/real/830/frame_000090.jpg,ok,
video_detector/data/ffpp/frames/test/c23/real/033/frame_000100.jpg,fail,no_face
video_detector/data/ffpp/frames/test/c23/real/033/frame_000060.jpg,fail,no_face
video_detector/data/ffpp/frames/test/c23/real/033/frame_000070.jpg,fail,no_face
video_detector/data/ffpp/frames/test/c23/real/033/frame_000110.jpg,fail,no_face
video_detector/data/ffpp/frames/test/c23/real/033/frame_000000.jpg,fail,no_face
video_detector/data/ffpp/frames/test/c23/real/033/frame_000010.jpg,fail,no_face
video_detector/data/ffpp/frames/test/c23/real/033/frame_000020.jpg,fail,no_face
video_detector/data/ffpp/frames/test/c23/real/033/frame_000140.jpg,fail,no_face
video_detector/data/ffpp/frames/test/c23/real/033/frame_000150.jpg,fail,no_face
video_detector/data/ffpp/frames/test/c23/real/033/frame_000030.jpg,fail,no_face
video_detector/data/ffpp/frames/test/c23/real/033/frame_000080.jpg,fail,no_face
video_detector/data/ffpp/frames/test/c23/real/033/frame_000040.jpg,fail,no_face
video_detector/data/ffpp/frames/test/c23/real/033/frame_000120.jpg,fail,no_face
video_detector/data/ffpp/frames/test/c23/real/033/frame_000130.jpg,fail,no_face
video_detector/data/ffpp/frames/test/c23/real/033/frame_000050.jpg,fail,no_face
video_detector/data/ffpp/frames/test/c23/real/033/frame_000090.jpg,fail,no_face
video_detector/data/ffpp/frames/test/c23/real/917/frame_000260.jpg,fail,no_face
video_detector/data/ffpp/frames/test/c23/real/917/frame_000300.jpg,fail,no_face
video_detector/data/ffpp/frames/test/c23/real/917/frame_000100.jpg,fail,no_face
video_detector/data/ffpp/frames/test/c23/real/917/frame_000060.jpg,ok,
video_detector/data/ffpp/frames/test/c23/real/917/frame_000070.jpg,ok,
video_detector/data/ffpp/frames/test/c23/real/917/frame_000110.jpg,fail,no_face
video_detector/data/ffpp/frames/test/c23/real/917/frame_000310.jpg,ok,
video_detector/data/ffpp/frames/test/c23/real/917/frame_000270.jpg,fail,no_face
video_detector/data/ffpp/frames/test/c23/real/917/frame_000160.jpg,fail,no_face
video_detector/data/ffpp/frames/test/c23/real/917/frame_000000.jpg,fail,no_face
video_detector/data/ffpp/frames/test/c23/real/917/frame_000200.jpg,ok,
video_detector/data/ffpp/frames/test/c23/real/917/frame_000210.jpg,fail,no_face
video_detector/data/ffpp/frames/test/c23/real/917/frame_000010.jpg,fail,no_face
video_detector/data/ffpp/frames/test/c23/real/917/frame_000170.jpg,fail,no_face
video_detector/data/ffpp/frames/test/c23/real/917/frame_000020.jpg,fail,no_face
video_detector/data/ffpp/frames/test/c23/real/917/frame_000140.jpg,fail,no_face
video_detector/data/ffpp/frames/test/c23/real/917/frame_000220.jpg,ok,
video_detector/data/ffpp/frames/test/c23/real/917/frame_000180.jpg,fail,no_face
video_detector/data/ffpp/frames/test/c23/real/917/frame_000190.jpg,fail,no_face
video_detector/data/ffpp/frames/test/c23/real/917/frame_000230.jpg,fail,no_face
video_detector/data/ffpp/frames/test/c23/real/917/frame_000150.jpg,fail,no_face
video_detector/data/ffpp/frames/test/c23/real/917/frame_000030.jpg,fail,no_face
video_detector/data/ffpp/frames/test/c23/real/917/frame_000240.jpg,ok,
video_detector/data/ffpp/frames/test/c23/real/917/frame_000080.jpg,fail,no_face
video_detector/data/ffpp/frames/test/c23/real/917/frame_000280.jpg,fail,no_face
video_detector/data/ffpp/frames/test/c23/real/917/frame_000040.jpg,fail,no_face
video_detector/data/ffpp/frames/test/c23/real/917/frame_000120.jpg,fail,no_face
video_detector/data/ffpp/frames/test/c23/real/917/frame_000130.jpg,fail,no_face
video_detector/data/ffpp/frames/test/c23/real/917/frame_000050.jpg,fail,no_face
video_detector/data/ffpp/frames/test/c23/real/917/frame_000290.jpg,fail,no_face
video_detector/data/ffpp/frames/test/c23/real/917/frame_000090.jpg,fail,no_face
video_detector/data/ffpp/frames/test/c23/real/917/frame_000250.jpg,ok,
